id_gestion,id_operacion,id_tiempo,tipo_contacto,resultado_gestion,importe_promesa,fecha_promesa,id_operador
1,1,82,SMS,No contesta,,,OP06
2,1,32,Telefono,Fuera de servicio,,,OP01
3,1,41,WhatsApp,Contacto efectivo,,,OP03
4,1,88,Email,Contacto efectivo,,,OP09
5,1,46,Email,Contacto efectivo,,,OP06
6,1,86,Telefono,Contacto efectivo,,,OP10
7,1,40,Email,Contacto efectivo,,,OP01
8,1,2,Telefono,No contesta,,,OP13
9,1,30,Email,Contacto efectivo,,,OP10
10,2,66,WhatsApp,Incobrable,,,OP14
11,2,15,SMS,Contacto efectivo,,,OP12
12,2,49,Telefono,Incobrable,,,OP03
13,2,6,Telefono,No contesta,,,OP07
14,2,32,Email,No contesta,,,OP08
15,2,72,WhatsApp,Promesa de pago,34826.0,2025-11-26,OP04
16,2,75,Email,Promesa de pago,18601.0,2025-11-28,OP06
17,3,41,WhatsApp,Contacto efectivo,,,OP11
18,3,82,SMS,Contacto efectivo,,,OP12
19,3,13,SMS,No contesta,,,OP10
20,3,19,Email,Incobrable,,,OP13
21,3,8,Telefono,Promesa de pago,34363.0,2025-09-25,OP07
22,3,18,Telefono,Fuera de servicio,,,OP08
23,3,59,WhatsApp,Fuera de servicio,,,OP03
24,3,35,WhatsApp,Contacto efectivo,,,OP15
25,4,7,WhatsApp,No contesta,,,OP05
26,4,31,Email,No contesta,,,OP04
27,4,37,Email,No contesta,,,OP14
28,4,20,WhatsApp,No contesta,,,OP01
29,4,51,Email,No contesta,,,OP10
30,4,66,Email,No contesta,,,OP06
31,4,39,SMS,No contesta,,,OP10
32,4,12,WhatsApp,No contesta,,,OP08
33,5,15,WhatsApp,Contacto efectivo,,,OP08
34,5,87,WhatsApp,Fuera de servicio,,,OP14
35,5,2,Telefono,Contacto efectivo,,,OP06
36,5,41,Email,Contacto efectivo,,,OP13
37,5,14,Telefono,No contesta,,,OP04
38,5,2,Telefono,Contacto efectivo,,,OP11
39,6,28,Telefono,No contesta,,,OP05
40,6,65,Email,Promesa de pago,,,OP04
41,7,31,SMS,Contacto efectivo,,,OP06
42,7,14,Telefono,No contesta,,,OP10
43,7,76,Telefono,Promesa de pago,23994.0,2025-12-13,OP05
44,7,57,Email,Contacto efectivo,,,OP12
45,7,37,Email,No contesta,,,OP05
46,7,49,Email,Promesa de pago,11742.0,2025-11-05,OP08
47,7,61,WhatsApp,Contacto efectivo,,,OP02
48,7,73,Email,No contesta,,,OP10
49,8,1,WhatsApp,Contacto efectivo,,,OP05
50,8,59,Telefono,No contesta,,,OP03
51,8,78,Email,Fuera de servicio,,,OP05
52,8,88,WhatsApp,Fuera de servicio,,,OP02
53,8,89,Telefono,Fuera de servicio,,,OP07
54,8,56,WhatsApp,No contesta,,,OP07
55,9,38,Email,Contacto efectivo,,,OP14
56,9,45,WhatsApp,Contacto efectivo,,,OP10
57,9,8,Telefono,Incobrable,,,OP07
58,9,8,WhatsApp,Contacto efectivo,,,OP05
59,9,86,Telefono,No contesta,,,OP07
60,10,90,WhatsApp,No contesta,,,OP02
61,10,82,Email,Fuera de servicio,,,OP15
62,10,76,Telefono,Contacto efectivo,,,OP14
63,10,68,SMS,Fuera de servicio,,,OP15
64,10,80,Email,Promesa de pago,18125.0,2025-12-09,OP05
65,10,64,Telefono,Contacto efectivo,,,OP01
66,10,41,Telefono,Incobrable,,,OP09
67,10,77,SMS,No contesta,,,OP04
68,11,4,WhatsApp,Fuera de servicio,,,OP02
69,11,82,SMS,Promesa de pago,13712.0,2025-11-25,OP03
70,11,54,Telefono,Fuera de servicio,,,OP15
71,12,76,SMS,Fuera de servicio,,,OP05
72,12,19,Telefono,No contesta,,,OP01
73,13,35,WhatsApp,Contacto efectivo,,,OP11
74,13,72,WhatsApp,Fuera de servicio,,,OP02
75,14,9,WhatsApp,No contesta,,,OP08
76,14,48,Email,Promesa de pago,14760.0,2025-10-30,OP05
77,14,48,Email,No contesta,,,OP04
78,14,15,SMS,No contesta,,,OP06
79,14,46,SMS,Promesa de pago,43174.0,2025-10-29,OP11
80,14,80,Email,Fuera de servicio,,,OP15
81,14,25,SMS,Fuera de servicio,,,OP15
82,15,21,SMS,No contesta,,,OP02
83,15,78,Email,No contesta,,,OP05
84,15,52,Telefono,Fuera de servicio,,,OP15
85,15,28,Email,No contesta,,,OP10
86,15,36,WhatsApp,Promesa de pago,,,OP01
87,16,89,SMS,No contesta,,,OP15
88,16,74,SMS,Promesa de pago,58368.0,2025-11-30,OP07
89,16,42,Email,Incobrable,,,OP04
90,17,7,Email,Promesa de pago,21130.0,2025-09-08,OP08
91,17,22,WhatsApp,Promesa de pago,47384.0,2025-10-11,OP12
92,17,88,Telefono,No contesta,,,OP10
93,17,72,Telefono,Promesa de pago,64851.0,2025-11-19,OP10
94,17,19,SMS,Promesa de pago,47778.0,2025-10-08,OP10
95,17,55,SMS,No contesta,,,OP01
96,17,33,Telefono,Contacto efectivo,,,OP06
97,18,37,Email,Fuera de servicio,,,OP07
98,18,32,Telefono,Fuera de servicio,,,OP14
99,18,77,WhatsApp,No contesta,,,OP09
100,18,2,SMS,No contesta,,,OP05
101,18,18,WhatsApp,No contesta,,,OP13
102,18,39,SMS,Promesa de pago,61501.0,2025-10-13,OP07
103,18,90,Email,No contesta,,,OP07
104,18,36,Telefono,Contacto efectivo,,,OP04
105,18,3,Telefono,No contesta,,,OP11
106,19,41,Telefono,Fuera de servicio,,,OP01
107,19,60,Telefono,Contacto efectivo,,,OP12
108,19,27,Email,Fuera de servicio,,,OP06
109,19,72,WhatsApp,Fuera de servicio,,,OP12
110,19,58,WhatsApp,No contesta,,,OP02
111,19,87,WhatsApp,No contesta,,,OP01
112,19,35,WhatsApp,Promesa de pago,54843.0,2025-10-08,OP04
113,20,77,SMS,Fuera de servicio,,,OP09
114,20,55,WhatsApp,No contesta,,,OP14
115,20,55,Telefono,Promesa de pago,,,OP12
116,20,3,Telefono,Incobrable,,,OP07
117,20,5,Email,Promesa de pago,26669.0,2025-09-21,OP12
118,20,70,Email,No contesta,,,OP07
119,21,33,Email,Fuera de servicio,,,OP06
120,21,14,SMS,Contacto efectivo,,,OP02
121,21,66,WhatsApp,No contesta,,,OP11
122,21,73,SMS,No contesta,,,OP04
123,21,62,Email,No contesta,,,OP02
124,21,55,WhatsApp,Contacto efectivo,,,OP11
125,21,15,Telefono,Incobrable,,,OP04
126,21,12,WhatsApp,Incobrable,,,OP06
127,21,82,WhatsApp,Fuera de servicio,,,OP08
128,22,30,SMS,Promesa de pago,18264.0,2025-10-10,OP07
129,22,35,WhatsApp,Contacto efectivo,,,OP03
130,22,82,WhatsApp,Incobrable,,,OP10
131,23,66,WhatsApp,Contacto efectivo,,,OP01
132,23,36,Telefono,Fuera de servicio,,,OP14
133,24,54,Email,Promesa de pago,,,OP03
134,24,6,Telefono,Contacto efectivo,,,OP02
135,24,8,Email,No contesta,,,OP09
136,24,79,Email,Incobrable,,,OP12
137,24,32,Email,Contacto efectivo,,,OP13
138,24,31,WhatsApp,No contesta,,,OP13
139,24,60,Email,Promesa de pago,47947.0,2025-11-10,OP13
140,24,31,SMS,Contacto efectivo,,,OP02
141,24,10,WhatsApp,Contacto efectivo,,,OP11
142,25,31,Telefono,Fuera de servicio,,,OP07
143,25,83,Telefono,Contacto efectivo,,,OP09
144,25,28,SMS,No contesta,,,OP07
145,26,16,Email,Contacto efectivo,,,OP04
146,26,40,SMS,Promesa de pago,51779.0,2025-10-30,OP12
147,26,38,SMS,No contesta,,,OP05
148,26,63,Telefono,No contesta,,,OP03
149,26,7,WhatsApp,No contesta,,,OP14
150,26,71,WhatsApp,Promesa de pago,14481.0,2025-11-14,OP05
151,26,21,SMS,Contacto efectivo,,,OP05
152,26,10,Email,Fuera de servicio,,,OP07
153,26,5,Telefono,Contacto efectivo,,,OP10
154,27,85,Telefono,Contacto efectivo,,,OP13
155,27,32,SMS,No contesta,,,OP01
156,27,60,Telefono,Fuera de servicio,,,OP04
157,28,55,WhatsApp,Contacto efectivo,,,OP04
158,28,34,Email,No contesta,,,OP02
159,28,52,WhatsApp,Promesa de pago,,,OP05
160,28,64,Telefono,Promesa de pago,59723.0,2025-11-06,OP09
161,28,10,Email,Incobrable,,,OP12
162,28,21,SMS,Promesa de pago,33253.0,2025-10-10,OP02
163,28,79,SMS,Promesa de pago,57684.0,2025-12-10,OP08
164,28,65,Email,No contesta,,,OP13
165,28,72,SMS,Contacto efectivo,,,OP01
166,29,51,Email,Contacto efectivo,,,OP01
167,29,5,Email,No contesta,,,OP10
168,29,31,SMS,No contesta,,,OP04
169,29,15,SMS,Incobrable,,,OP12
170,29,51,Telefono,Contacto efectivo,,,OP05
171,29,8,WhatsApp,No contesta,,,OP15
172,30,81,Email,No contesta,,,OP08
173,30,25,SMS,Incobrable,,,OP02
174,30,67,WhatsApp,Contacto efectivo,,,OP04
175,30,78,Telefono,Contacto efectivo,,,OP10
176,30,62,WhatsApp,Promesa de pago,15978.0,2025-11-30,OP05
177,30,13,SMS,No contesta,,,OP12
178,30,11,Telefono,Contacto efectivo,,,OP08
179,30,18,Telefono,Contacto efectivo,,,OP08
180,30,59,WhatsApp,No contesta,,,OP09
181,31,22,Email,No contesta,,,OP05
182,31,44,WhatsApp,Contacto efectivo,,,OP01
183,31,21,Email,No contesta,,,OP14
184,32,39,Telefono,Promesa de pago,38044.0,2025-10-16,OP15
185,32,8,WhatsApp,Promesa de pago,52719.0,2025-09-14,OP07
186,32,86,Telefono,Promesa de pago,58908.0,2025-11-30,OP06
187,32,29,Email,Fuera de servicio,,,OP11
188,32,50,SMS,Contacto efectivo,,,OP07
189,32,88,WhatsApp,No contesta,,,OP11
190,32,37,Email,No contesta,,,OP03
191,32,63,SMS,Contacto efectivo,,,OP13
192,33,39,Telefono,No contesta,,,OP05
193,33,8,Email,No contesta,,,OP08
194,33,1,SMS,Promesa de pago,31727.0,2025-09-27,OP01
195,33,89,Email,No contesta,,,OP14
196,33,91,Telefono,Contacto efectivo,,,OP13
197,33,9,WhatsApp,No contesta,,,OP10
198,33,90,Email,Promesa de pago,23944.0,2025-12-27,OP01
199,34,20,SMS,No contesta,,,OP15
200,34,70,Telefono,Promesa de pago,19596.0,2025-11-28,OP10
201,35,24,WhatsApp,Contacto efectivo,,,OP05
202,35,85,SMS,Contacto efectivo,,,OP05
203,35,74,Email,Fuera de servicio,,,OP12
204,36,45,SMS,Contacto efectivo,,,OP07
205,36,4,SMS,No contesta,,,OP08
206,37,80,Email,Contacto efectivo,,,OP04
207,37,24,WhatsApp,Fuera de servicio,,,OP03
208,37,31,SMS,Contacto efectivo,,,OP01
209,37,63,WhatsApp,Contacto efectivo,,,OP08
210,37,76,WhatsApp,Promesa de pago,58831.0,2025-12-01,OP05
211,37,45,SMS,Contacto efectivo,,,OP01
212,38,18,Telefono,No contesta,,,OP11
213,38,47,Email,Incobrable,,,OP06
214,38,45,WhatsApp,Contacto efectivo,,,OP04
215,38,20,SMS,Promesa de pago,28509.0,2025-10-12,OP15
216,38,9,Telefono,Incobrable,,,OP09
217,38,61,SMS,Incobrable,,,OP13
218,38,70,Telefono,No contesta,,,OP03
219,38,19,WhatsApp,No contesta,,,OP10
220,39,69,Telefono,Promesa de pago,58201.0,2025-12-06,OP04
221,39,70,WhatsApp,Fuera de servicio,,,OP07
222,39,39,Telefono,No contesta,,,OP08
223,39,57,Telefono,Contacto efectivo,,,OP06
224,40,60,Telefono,Contacto efectivo,,,OP15
225,40,84,Email,Fuera de servicio,,,OP05
226,40,30,WhatsApp,No contesta,,,OP14
227,40,86,SMS,No contesta,,,OP07
228,40,14,Email,Contacto efectivo,,,OP06
229,40,89,Email,Promesa de pago,69063.0,2025-11-30,OP09
230,40,82,Telefono,Incobrable,,,OP05
231,41,50,SMS,No contesta,,,OP06
232,41,15,Email,Contacto efectivo,,,OP11
233,41,20,Email,Contacto efectivo,,,OP07
234,41,21,Email,Contacto efectivo,,,OP08
235,41,14,WhatsApp,Promesa de pago,62822.0,2025-09-20,OP05
236,42,49,Telefono,No contesta,,,OP05
237,42,12,Telefono,No contesta,,,OP01
238,42,50,SMS,Promesa de pago,43365.0,2025-11-06,OP10
239,42,81,Telefono,Incobrable,,,OP02
240,42,28,Telefono,Promesa de pago,31008.0,2025-10-16,OP07
241,42,70,WhatsApp,Promesa de pago,24357.0,2025-12-04,OP05
242,42,66,Email,Contacto efectivo,,,OP03
243,42,39,Email,No contesta,,,OP15
244,42,40,SMS,Contacto efectivo,,,OP10
245,43,64,Telefono,Promesa de pago,19369.0,2025-11-13,OP07
246,43,86,Email,Contacto efectivo,,,OP05
247,43,79,Email,Promesa de pago,37624.0,2025-12-05,OP14
248,43,28,SMS,Promesa de pago,23565.0,2025-10-08,OP02
249,44,42,WhatsApp,No contesta,,,OP07
250,44,52,SMS,No contesta,,,OP02
251,44,43,SMS,Promesa de pago,59159.0,2025-10-22,OP11
252,44,41,Telefono,No contesta,,,OP08
253,44,55,SMS,Fuera de servicio,,,OP14
254,45,82,Email,Contacto efectivo,,,OP06
255,45,12,Email,Contacto efectivo,,,OP03
256,45,3,SMS,Promesa de pago,69611.0,2025-09-09,OP08
257,45,8,Email,Promesa de pago,49901.0,2025-09-26,OP11
258,45,19,Email,Promesa de pago,49951.0,2025-10-18,OP11
259,45,21,WhatsApp,Promesa de pago,,,OP04
260,45,59,SMS,Contacto efectivo,,,OP05
261,45,25,Email,Contacto efectivo,,,OP09
262,45,20,WhatsApp,Promesa de pago,25036.0,2025-09-30,OP14
263,46,50,Email,Contacto efectivo,,,OP12
264,46,11,Email,Incobrable,,,OP12
265,47,85,WhatsApp,No contesta,,,OP03
266,47,76,WhatsApp,No contesta,,,OP05
267,48,90,Telefono,Contacto efectivo,,,OP03
268,48,52,SMS,Incobrable,,,OP15
269,48,82,Telefono,Promesa de pago,26021.0,2025-12-13,OP07
270,48,11,SMS,Promesa de pago,37516.0,2025-10-01,OP03
271,48,66,Email,No contesta,,,OP12
272,49,39,Email,Contacto efectivo,,,OP12
273,49,1,SMS,Promesa de pago,43209.0,2025-09-16,OP15
274,49,38,Telefono,No contesta,,,OP03
275,49,57,WhatsApp,No contesta,,,OP04
276,49,14,Telefono,Incobrable,,,OP07
277,49,9,Telefono,Promesa de pago,31125.0,2025-09-29,OP15
278,49,23,WhatsApp,Contacto efectivo,,,OP08
279,49,46,Email,No contesta,,,OP05
280,50,62,WhatsApp,No contesta,,,OP15
281,50,78,Telefono,No contesta,,,OP09
282,50,40,WhatsApp,Promesa de pago,28351.0,2025-10-31,OP06
283,50,51,SMS,Promesa de pago,20412.0,2025-11-18,OP09
284,50,63,Email,No contesta,,,OP07
285,50,19,WhatsApp,Promesa de pago,24140.0,2025-09-21,OP08
286,50,81,Email,Contacto efectivo,,,OP01
287,50,52,SMS,No contesta,,,OP05
288,50,59,Telefono,Promesa de pago,60139.0,2025-11-23,OP04
289,51,86,SMS,Promesa de pago,45292.0,2025-12-20,OP15
290,51,48,SMS,Contacto efectivo,,,OP11
291,52,50,Telefono,No contesta,,,OP05
292,52,48,SMS,Promesa de pago,12044.0,2025-11-03,OP12
293,52,9,Telefono,Fuera de servicio,,,OP02
294,52,88,Email,Incobrable,,,OP13
295,52,87,Email,No contesta,,,OP06
296,52,76,SMS,No contesta,,,OP09
297,52,19,Telefono,Promesa de pago,34370.0,2025-10-02,OP06
298,52,29,SMS,Fuera de servicio,,,OP07
299,52,28,Email,Contacto efectivo,,,OP13
300,53,86,Email,No contesta,,,OP02
301,53,91,Telefono,Promesa de pago,50197.0,2025-12-26,OP08
302,53,82,Email,No contesta,,,OP06
303,53,90,SMS,Incobrable,,,OP12
304,54,65,Telefono,No contesta,,,OP01
305,54,40,Email,No contesta,,,OP13
306,54,84,Telefono,Contacto efectivo,,,OP13
307,55,49,WhatsApp,Contacto efectivo,,,OP08
308,55,43,Telefono,Promesa de pago,13828.0,2025-10-30,OP10
309,55,62,WhatsApp,No contesta,,,OP14
310,55,9,Telefono,Promesa de pago,69156.0,2025-09-20,OP09
311,55,39,SMS,No contesta,,,OP13
312,55,64,SMS,Promesa de pago,62781.0,2025-11-08,OP11
313,55,40,Email,No contesta,,,OP08
314,56,61,Email,Promesa de pago,65398.0,2025-11-28,OP13
315,56,69,SMS,Contacto efectivo,,,OP14
316,56,87,SMS,Promesa de pago,11875.0,2025-12-16,OP07
317,56,66,Telefono,Fuera de servicio,,,OP15
318,56,36,SMS,No contesta,,,OP15
319,56,28,Telefono,No contesta,,,OP01
320,56,76,SMS,Contacto efectivo,,,OP09
321,56,39,Telefono,No contesta,,,OP09
322,56,74,SMS,No contesta,,,OP13
323,57,14,WhatsApp,Fuera de servicio,,,OP09
324,57,39,Email,Promesa de pago,21777.0,2025-10-25,OP06
325,57,3,Email,No contesta,,,OP02
326,58,41,SMS,No contesta,,,OP11
327,58,65,SMS,Contacto efectivo,,,OP10
328,59,85,SMS,Promesa de pago,60583.0,2025-12-13,OP15
329,59,28,SMS,No contesta,,,OP02
330,59,36,SMS,Fuera de servicio,,,OP09
331,59,53,WhatsApp,Promesa de pago,44591.0,2025-11-16,OP12
332,59,28,Telefono,No contesta,,,OP15
333,59,23,Email,No contesta,,,OP10
334,60,57,Email,Contacto efectivo,,,OP01
335,60,24,Email,No contesta,,,OP12
336,60,37,Telefono,Fuera de servicio,,,OP08
337,60,65,Email,No contesta,,,OP03
338,61,74,Email,Fuera de servicio,,,OP03
339,61,43,SMS,No contesta,,,OP14
340,61,11,WhatsApp,No contesta,,,OP05
341,61,8,Email,No contesta,,,OP08
342,61,76,SMS,No contesta,,,OP04
343,61,50,Email,No contesta,,,OP08
344,62,67,Email,Incobrable,,,OP10
345,62,27,SMS,Contacto efectivo,,,OP11
346,62,51,SMS,Contacto efectivo,,,OP13
347,62,15,WhatsApp,No contesta,,,OP05
348,63,37,Telefono,Incobrable,,,OP03
349,63,87,WhatsApp,No contesta,,,OP12
350,63,73,Telefono,Incobrable,,,OP11
351,64,17,Email,No contesta,,,OP06
352,64,68,Telefono,Incobrable,,,OP01
353,64,13,WhatsApp,No contesta,,,OP05
354,64,87,WhatsApp,No contesta,,,OP02
355,64,32,WhatsApp,Promesa de pago,26766.0,2025-10-10,OP01
356,64,44,Email,Promesa de pago,40654.0,2025-10-19,OP03
357,64,13,SMS,Fuera de servicio,,,OP04
358,64,51,SMS,Promesa de pago,19429.0,2025-11-07,OP12
359,65,19,Telefono,Contacto efectivo,,,OP08
360,65,28,Telefono,Promesa de pago,,,OP04
361,65,64,WhatsApp,No contesta,,,OP11
362,66,45,WhatsApp,No contesta,,,OP05
363,66,11,Telefono,No contesta,,,OP01
364,66,56,WhatsApp,No contesta,,,OP10
365,66,12,SMS,Incobrable,,,OP03
366,66,26,Email,Incobrable,,,OP04
367,66,70,WhatsApp,No contesta,,,OP04
368,66,75,Email,Contacto efectivo,,,OP07
369,67,27,Telefono,No contesta,,,OP03
370,67,81,WhatsApp,Promesa de pago,28354.0,2025-12-08,OP11
371,67,4,SMS,Promesa de pago,26499.0,2025-09-05,OP15
372,67,81,Email,Promesa de pago,58933.0,2025-11-28,OP08
373,67,69,WhatsApp,No contesta,,,OP13
374,67,31,WhatsApp,Promesa de pago,31162.0,2025-10-27,OP06
375,67,10,WhatsApp,Contacto efectivo,,,OP05
376,67,80,Telefono,Promesa de pago,68653.0,2025-12-17,OP08
377,68,35,Email,Incobrable,,,OP10
378,68,71,SMS,Contacto efectivo,,,OP01
379,68,36,Telefono,Promesa de pago,52727.0,2025-11-03,OP15
380,68,60,SMS,Fuera de servicio,,,OP01
381,68,36,SMS,Promesa de pago,31281.0,2025-10-09,OP08
382,68,4,WhatsApp,No contesta,,,OP11
383,68,72,Email,Contacto efectivo,,,OP13
384,68,45,Telefono,Fuera de servicio,,,OP13
385,69,16,Telefono,Fuera de servicio,,,OP07
386,69,34,Email,Promesa de pago,55505.0,2025-10-25,OP06
387,69,56,Email,No contesta,,,OP02
388,69,39,SMS,No contesta,,,OP14
389,70,55,Telefono,Incobrable,,,OP07
390,70,53,Telefono,Promesa de pago,45596.0,2025-11-10,OP09
391,70,53,Telefono,No contesta,,,OP06
392,70,31,SMS,Promesa de pago,34035.0,2025-10-20,OP14
393,70,52,WhatsApp,Fuera de servicio,,,OP14
394,70,50,Email,Promesa de pago,56101.0,2025-11-06,OP05
395,70,4,SMS,Contacto efectivo,,,OP08
396,70,82,SMS,No contesta,,,OP14
397,70,34,WhatsApp,Contacto efectivo,,,OP15
398,71,76,Telefono,No contesta,,,OP15
399,71,26,WhatsApp,Promesa de pago,68161.0,2025-10-10,OP06
400,71,6,Telefono,Contacto efectivo,,,OP13
401,71,28,Telefono,Contacto efectivo,,,OP11
402,72,9,Email,Promesa de pago,58014.0,2025-10-07,OP04
403,72,83,Email,Incobrable,,,OP08
404,72,76,Telefono,Fuera de servicio,,,OP10
405,72,87,Telefono,No contesta,,,OP12
406,73,89,WhatsApp,Promesa de pago,22180.0,2025-12-24,OP15
407,73,33,SMS,No contesta,,,OP01
408,73,68,WhatsApp,Promesa de pago,49890.0,2025-11-26,OP09
409,73,37,Telefono,Contacto efectivo,,,OP06
410,74,28,SMS,Promesa de pago,50703.0,2025-10-09,OP15
411,74,71,WhatsApp,Promesa de pago,36654.0,2025-12-01,OP05
412,74,9,SMS,Fuera de servicio,,,OP06
413,74,56,Email,Fuera de servicio,,,OP13
414,74,87,WhatsApp,Fuera de servicio,,,OP09
415,74,88,Email,Incobrable,,,OP02
416,74,3,Email,No contesta,,,OP12
417,74,21,WhatsApp,Fuera de servicio,,,OP06
418,74,65,Email,Promesa de pago,17480.0,2025-11-28,OP11
419,75,10,SMS,No contesta,,,OP05
420,75,74,Telefono,Contacto efectivo,,,OP06
421,75,24,Telefono,Promesa de pago,,,OP04
422,75,35,SMS,No contesta,,,OP06
423,75,17,Email,Incobrable,,,OP08
424,75,29,Email,No contesta,,,OP10
425,75,60,Telefono,No contesta,,,OP04
426,76,28,Telefono,No contesta,,,OP08
427,76,58,WhatsApp,Promesa de pago,61374.0,2025-11-21,OP05
428,76,34,SMS,Contacto efectivo,,,OP05
429,76,25,WhatsApp,Promesa de pago,30093.0,2025-10-12,OP07
430,76,80,Email,No contesta,,,OP13
431,76,7,SMS,Promesa de pago,33303.0,2025-09-30,OP09
432,76,89,Telefono,No contesta,,,OP06
433,76,59,SMS,No contesta,,,OP13
434,77,29,Email,Contacto efectivo,,,OP13
435,77,79,Email,Contacto efectivo,,,OP10
436,78,90,SMS,Incobrable,,,OP05
437,78,56,WhatsApp,Incobrable,,,OP11
438,78,15,WhatsApp,No contesta,,,OP09
439,78,17,Email,Contacto efectivo,,,OP07
440,78,57,WhatsApp,Fuera de servicio,,,OP11
441,79,83,Telefono,Contacto efectivo,,,OP08
442,79,68,Email,No contesta,,,OP11
443,79,65,Email,No contesta,,,OP06
444,79,88,Telefono,Promesa de pago,63933.0,2025-11-29,OP15
445,79,5,Telefono,No contesta,,,OP11
446,79,54,WhatsApp,No contesta,,,OP11
447,80,15,WhatsApp,No contesta,,,OP05
448,80,46,WhatsApp,Contacto efectivo,,,OP14
449,80,86,WhatsApp,Promesa de pago,54254.0,2025-11-27,OP10
450,81,6,Email,No contesta,,,OP13
451,81,33,SMS,Contacto efectivo,,,OP13
452,81,50,Email,Promesa de pago,,,OP12
453,81,16,Email,Fuera de servicio,,,OP08
454,81,64,WhatsApp,Incobrable,,,OP09
455,81,76,Telefono,No contesta,,,OP02
456,81,19,WhatsApp,Contacto efectivo,,,OP06
457,82,26,Email,Contacto efectivo,,,OP03
458,82,29,WhatsApp,Incobrable,,,OP01
459,82,43,WhatsApp,No contesta,,,OP02
460,83,8,Email,Contacto efectivo,,,OP14
461,83,65,Telefono,No contesta,,,OP11
462,83,84,WhatsApp,No contesta,,,OP13
463,83,86,Telefono,Fuera de servicio,,,OP10
464,83,36,Email,No contesta,,,OP12
465,83,42,Telefono,Promesa de pago,14967.0,2025-11-06,OP08
466,83,72,WhatsApp,Promesa de pago,47212.0,2025-11-25,OP05
467,83,13,Email,Contacto efectivo,,,OP09
468,84,27,Telefono,Incobrable,,,OP09
469,84,71,Email,No contesta,,,OP04
470,84,35,SMS,Contacto efectivo,,,OP11
471,84,90,WhatsApp,No contesta,,,OP13
472,84,84,WhatsApp,No contesta,,,OP04
473,84,65,WhatsApp,Contacto efectivo,,,OP10
474,84,20,WhatsApp,Contacto efectivo,,,OP11
475,85,41,WhatsApp,Contacto efectivo,,,OP01
476,85,17,Email,Contacto efectivo,,,OP13
477,85,41,Telefono,Incobrable,,,OP11
478,85,56,SMS,No contesta,,,OP12
479,86,19,SMS,Contacto efectivo,,,OP15
480,86,71,Telefono,Promesa de pago,53798.0,2025-11-24,OP05
481,86,15,Telefono,No contesta,,,OP13
482,87,41,Email,No contesta,,,OP07
483,87,46,Telefono,Contacto efectivo,,,OP11
484,87,68,SMS,No contesta,,,OP05
485,87,1,Email,No contesta,,,OP11
486,87,40,Email,Contacto efectivo,,,OP02
487,87,24,Email,No contesta,,,OP03
488,87,34,SMS,Promesa de pago,59430.0,2025-10-31,OP05
489,87,53,Telefono,Promesa de pago,24901.0,2025-11-03,OP13
490,87,57,SMS,Incobrable,,,OP07
491,88,85,SMS,No contesta,,,OP03
492,88,86,Email,Promesa de pago,40206.0,2025-12-14,OP12
493,88,41,SMS,Promesa de pago,45517.0,2025-11-04,OP10
494,88,27,Telefono,No contesta,,,OP14
495,88,47,SMS,Promesa de pago,34885.0,2025-11-04,OP08
496,88,16,SMS,Contacto efectivo,,,OP10
497,88,74,WhatsApp,Contacto efectivo,,,OP15
498,89,9,Email,No contesta,,,OP10
499,89,86,Email,No contesta,,,OP04
500,89,25,Telefono,Contacto efectivo,,,OP06
501,89,65,SMS,Promesa de pago,,,OP04
502,89,88,SMS,Contacto efectivo,,,OP07
503,89,70,SMS,Incobrable,,,OP10
504,89,39,Telefono,Promesa de pago,10680.0,2025-10-15,OP01
505,90,70,Email,No contesta,,,OP05
506,90,3,Telefono,Contacto efectivo,,,OP12
507,90,47,Email,No contesta,,,OP01
508,90,81,SMS,No contesta,,,OP04
509,90,32,Email,No contesta,,,OP02
510,90,83,SMS,Promesa de pago,36400.0,2025-12-21,OP08
511,91,4,Telefono,No contesta,,,OP03
512,91,6,Telefono,No contesta,,,OP08
513,91,83,Telefono,No contesta,,,OP11
514,91,80,Telefono,Promesa de pago,45531.0,2025-11-26,OP14
515,91,43,Email,Promesa de pago,37798.0,2025-10-23,OP15
516,91,22,Telefono,Fuera de servicio,,,OP08
517,92,78,SMS,Fuera de servicio,,,OP02
518,92,16,SMS,Incobrable,,,OP02
519,92,80,Telefono,Contacto efectivo,,,OP01
520,92,12,SMS,No contesta,,,OP05
521,92,27,WhatsApp,No contesta,,,OP01
522,92,5,WhatsApp,Promesa de pago,41802.0,2025-09-16,OP05
523,92,50,SMS,No contesta,,,OP06
524,92,69,WhatsApp,Contacto efectivo,,,OP15
525,93,68,Email,Incobrable,,,OP06
526,93,7,WhatsApp,Fuera de servicio,,,OP07
527,93,19,Telefono,Promesa de pago,,,OP08
528,93,24,WhatsApp,No contesta,,,OP09
529,93,57,WhatsApp,Contacto efectivo,,,OP13
530,93,74,WhatsApp,Contacto efectivo,,,OP10
531,93,69,Telefono,Incobrable,,,OP05
532,93,82,Telefono,Promesa de pago,38230.0,2025-11-29,OP01
533,94,89,WhatsApp,Promesa de pago,32693.0,2025-12-27,OP12
534,94,43,SMS,No contesta,,,OP13
535,94,20,WhatsApp,No contesta,,,OP04
536,95,19,SMS,Fuera de servicio,,,OP02
537,95,30,WhatsApp,Fuera de servicio,,,OP03
538,95,6,WhatsApp,No contesta,,,OP09
539,95,48,SMS,No contesta,,,OP04
540,95,59,Telefono,No contesta,,,OP04
541,96,83,WhatsApp,Contacto efectivo,,,OP05
542,96,79,SMS,Contacto efectivo,,,OP05
543,97,22,WhatsApp,Fuera de servicio,,,OP09
544,97,28,Telefono,Fuera de servicio,,,OP04
545,97,7,Email,No contesta,,,OP03
546,97,1,Telefono,Contacto efectivo,,,OP13
547,98,32,Email,Fuera de servicio,,,OP06
548,98,17,SMS,No contesta,,,OP06
549,98,50,SMS,Contacto efectivo,,,OP05
550,98,25,SMS,No contesta,,,OP04
551,98,73,SMS,No contesta,,,OP08
552,98,17,Telefono,No contesta,,,OP10
553,98,50,Email,Promesa de pago,67494.0,2025-10-22,OP07
554,99,47,Telefono,Contacto efectivo,,,OP09
555,99,69,WhatsApp,Contacto efectivo,,,OP08
556,99,75,SMS,No contesta,,,OP14
557,99,58,Email,No contesta,,,OP02
558,99,48,WhatsApp,No contesta,,,OP06
559,100,19,SMS,No contesta,,,OP13
560,100,46,WhatsApp,No contesta,,,OP01
561,100,91,SMS,No contesta,,,OP14
562,100,81,WhatsApp,Incobrable,,,OP11
563,100,89,Email,No contesta,,,OP12
564,100,54,WhatsApp,Promesa de pago,45585.0,2025-11-12,OP08
565,100,60,Email,Promesa de pago,48506.0,2025-11-27,OP04
566,100,18,WhatsApp,Promesa de pago,23516.0,2025-09-27,OP11
567,101,7,WhatsApp,Contacto efectivo,,,OP08
568,101,68,Telefono,Contacto efectivo,,,OP07
569,101,3,WhatsApp,No contesta,,,OP09
570,101,1,Telefono,Incobrable,,,OP13
571,101,5,Email,Promesa de pago,45436.0,2025-09-29,OP05
572,101,83,Telefono,Contacto efectivo,,,OP01
573,101,68,SMS,Incobrable,,,OP08
574,101,23,Telefono,No contesta,,,OP15
575,101,52,Telefono,Promesa de pago,67910.0,2025-11-19,OP07
576,102,49,SMS,No contesta,,,OP01
577,102,85,WhatsApp,Incobrable,,,OP03
578,102,35,Telefono,No contesta,,,OP06
579,102,5,Telefono,Fuera de servicio,,,OP12
580,102,87,WhatsApp,No contesta,,,OP09
581,103,86,SMS,No contesta,,,OP05
582,103,87,WhatsApp,Contacto efectivo,,,OP04
583,103,23,SMS,No contesta,,,OP08
584,103,85,WhatsApp,Promesa de pago,14757.0,2025-12-10,OP12
585,103,30,SMS,Contacto efectivo,,,OP10
586,103,78,SMS,Contacto efectivo,,,OP12
587,103,36,WhatsApp,Contacto efectivo,,,OP12
588,103,11,SMS,Contacto efectivo,,,OP15
589,104,19,WhatsApp,No contesta,,,OP12
590,104,24,Telefono,Fuera de servicio,,,OP09
591,104,47,Telefono,Promesa de pago,65470.0,2025-11-08,OP03
592,104,29,SMS,No contesta,,,OP13
593,104,1,Email,Fuera de servicio,,,OP15
594,104,77,Telefono,Fuera de servicio,,,OP13
595,104,29,Email,No contesta,,,OP10
596,105,71,WhatsApp,Contacto efectivo,,,OP01
597,105,67,Telefono,Contacto efectivo,,,OP07
598,106,65,Telefono,Contacto efectivo,,,OP11
599,106,25,SMS,Fuera de servicio,,,OP15
600,106,29,Email,Fuera de servicio,,,OP10
601,106,16,Email,Contacto efectivo,,,OP09
602,106,56,Telefono,Promesa de pago,20738.0,2025-10-30,OP06
603,106,71,SMS,No contesta,,,OP03
604,107,41,SMS,Promesa de pago,47405.0,2025-10-30,OP11
605,107,18,Email,Incobrable,,,OP02
606,107,8,Email,Promesa de pago,20531.0,2025-10-03,OP15
607,108,57,WhatsApp,Incobrable,,,OP02
608,108,77,SMS,Promesa de pago,,,OP04
609,108,67,WhatsApp,Contacto efectivo,,,OP14
610,108,64,SMS,Fuera de servicio,,,OP14
611,108,4,Email,No contesta,,,OP11
612,109,91,WhatsApp,No contesta,,,OP14
613,109,49,SMS,No contesta,,,OP12
614,109,61,Email,Contacto efectivo,,,OP09
615,110,8,WhatsApp,No contesta,,,OP05
616,110,45,Email,No contesta,,,OP10
617,110,81,SMS,Contacto efectivo,,,OP12
618,110,29,Email,No contesta,,,OP09
619,110,6,Telefono,Promesa de pago,60964.0,2025-09-25,OP07
620,111,86,Email,Promesa de pago,49178.0,2025-12-03,OP10
621,111,8,Telefono,No contesta,,,OP08
622,111,59,WhatsApp,Promesa de pago,55450.0,2025-11-04,OP12
623,111,81,WhatsApp,No contesta,,,OP12
624,111,90,WhatsApp,No contesta,,,OP01
625,112,62,SMS,Fuera de servicio,,,OP03
626,112,38,Telefono,Promesa de pago,32495.0,2025-10-14,OP01
627,112,13,SMS,Fuera de servicio,,,OP06
628,112,74,SMS,Fuera de servicio,,,OP15
629,112,4,SMS,No contesta,,,OP06
630,112,88,Telefono,Contacto efectivo,,,OP04
631,112,76,Email,Contacto efectivo,,,OP01
632,112,37,WhatsApp,No contesta,,,OP13
633,112,21,SMS,Promesa de pago,60989.0,2025-10-11,OP05
634,113,89,SMS,Promesa de pago,34476.0,2025-12-11,OP08
635,113,77,WhatsApp,Promesa de pago,60357.0,2025-12-07,OP08
636,113,38,Email,Contacto efectivo,,,OP12
637,113,43,SMS,Incobrable,,,OP13
638,113,74,SMS,Contacto efectivo,,,OP03
639,113,15,Telefono,No contesta,,,OP01
640,113,35,SMS,Contacto efectivo,,,OP05
641,114,54,SMS,No contesta,,,OP12
642,114,48,WhatsApp,No contesta,,,OP06
643,114,31,WhatsApp,Promesa de pago,65199.0,2025-10-05,OP01
644,114,58,Email,No contesta,,,OP05
645,115,10,Email,No contesta,,,OP13
646,115,29,SMS,Promesa de pago,49850.0,2025-10-16,OP02
647,115,48,Email,No contesta,,,OP11
648,115,55,SMS,Fuera de servicio,,,OP11
649,115,5,Email,Incobrable,,,OP02
650,115,4,WhatsApp,Promesa de pago,,,OP04
651,116,75,Telefono,Incobrable,,,OP02
652,116,27,WhatsApp,Fuera de servicio,,,OP08
653,116,87,Email,Incobrable,,,OP05
654,116,87,SMS,Fuera de servicio,,,OP09
655,116,54,SMS,No contesta,,,OP01
656,116,64,Telefono,Promesa de pago,19941.0,2025-11-20,OP15
657,116,81,WhatsApp,Promesa de pago,27519.0,2025-11-21,OP02
658,117,43,Email,No contesta,,,OP06
659,117,20,SMS,Incobrable,,,OP12
660,117,56,Telefono,Incobrable,,,OP13
661,117,66,WhatsApp,No contesta,,,OP02
662,118,54,Email,No contesta,,,OP12
663,118,40,Email,No contesta,,,OP08
664,118,29,WhatsApp,No contesta,,,OP01
665,118,84,Email,Promesa de pago,28950.0,2025-12-08,OP14
666,118,59,Email,Promesa de pago,32615.0,2025-11-24,OP11
667,119,35,Telefono,Contacto efectivo,,,OP10
668,119,81,SMS,Fuera de servicio,,,OP09
669,120,79,WhatsApp,Promesa de pago,15750.0,2025-11-30,OP14
670,120,17,WhatsApp,Promesa de pago,44314.0,2025-10-10,OP13
671,120,71,WhatsApp,Contacto efectivo,,,OP11
672,120,20,Email,Contacto efectivo,,,OP10
673,120,32,Telefono,Contacto efectivo,,,OP04
674,120,3,Telefono,Incobrable,,,OP08
675,120,72,Email,No contesta,,,OP07
676,120,11,Email,No contesta,,,OP13
677,120,56,SMS,Contacto efectivo,,,OP12
678,121,36,Email,Fuera de servicio,,,OP04
679,121,26,SMS,Promesa de pago,28814.0,2025-10-25,OP02
680,122,87,SMS,Contacto efectivo,,,OP07
681,122,11,Email,No contesta,,,OP14
682,122,69,WhatsApp,No contesta,,,OP08
683,122,24,Email,Fuera de servicio,,,OP12
684,122,62,Telefono,Promesa de pago,,,OP07
685,122,57,Telefono,Promesa de pago,37413.0,2025-11-18,OP08
686,122,48,Email,No contesta,,,OP08
687,122,17,SMS,Promesa de pago,31158.0,2025-10-04,OP15
688,122,32,Email,Promesa de pago,64353.0,2025-10-16,OP10
689,123,63,WhatsApp,No contesta,,,OP03
690,123,60,SMS,No contesta,,,OP02
691,124,55,SMS,Fuera de servicio,,,OP09
692,124,62,Telefono,Incobrable,,,OP01
693,124,6,Telefono,No contesta,,,OP12
694,124,90,WhatsApp,Promesa de pago,,,OP04
695,124,72,Email,No contesta,,,OP11
696,124,63,Email,No contesta,,,OP05
697,124,67,Telefono,Contacto efectivo,,,OP06
698,124,80,Telefono,No contesta,,,OP06
699,124,72,WhatsApp,No contesta,,,OP09
700,125,78,WhatsApp,No contesta,,,OP03
701,125,59,SMS,No contesta,,,OP15
702,125,69,Telefono,Contacto efectivo,,,OP15
703,125,41,Telefono,No contesta,,,OP10
704,125,84,WhatsApp,Contacto efectivo,,,OP04
705,125,13,WhatsApp,Fuera de servicio,,,OP02
706,125,49,Telefono,Fuera de servicio,,,OP01
707,126,36,SMS,No contesta,,,OP13
708,126,17,Email,No contesta,,,OP02
709,126,91,WhatsApp,Contacto efectivo,,,OP08
710,126,8,SMS,Incobrable,,,OP11
711,126,13,Telefono,No contesta,,,OP12
712,126,89,SMS,Promesa de pago,66830.0,2025-12-16,OP02
713,126,13,Telefono,Promesa de pago,45596.0,2025-10-03,OP14
714,127,21,Telefono,Contacto efectivo,,,OP08
715,127,83,Telefono,Fuera de servicio,,,OP04
716,127,74,Telefono,Promesa de pago,66221.0,2025-11-29,OP07
717,127,52,SMS,Incobrable,,,OP01
718,127,44,WhatsApp,Contacto efectivo,,,OP09
719,127,32,Telefono,Contacto efectivo,,,OP13
720,127,78,Email,Incobrable,,,OP08
721,128,62,SMS,Fuera de servicio,,,OP08
722,128,42,SMS,No contesta,,,OP07
723,128,43,Telefono,Fuera de servicio,,,OP10
724,128,85,SMS,No contesta,,,OP08
725,129,86,Telefono,Contacto efectivo,,,OP13
726,129,64,Email,No contesta,,,OP09
727,129,49,SMS,Contacto efectivo,,,OP08
728,129,49,WhatsApp,No contesta,,,OP15
729,129,83,SMS,Fuera de servicio,,,OP01
730,129,6,WhatsApp,Fuera de servicio,,,OP12
731,129,66,Telefono,Fuera de servicio,,,OP03
732,130,68,Telefono,No contesta,,,OP11
733,130,36,Email,Incobrable,,,OP10
734,130,32,Email,No contesta,,,OP07
735,130,60,WhatsApp,Incobrable,,,OP12
736,130,56,Telefono,No contesta,,,OP10
737,131,48,SMS,Promesa de pago,58847.0,2025-11-01,OP12
738,131,38,Telefono,Contacto efectivo,,,OP15
739,131,16,SMS,Promesa de pago,20988.0,2025-09-29,OP08
740,132,67,WhatsApp,Contacto efectivo,,,OP06
741,132,73,Email,Promesa de pago,18002.0,2025-11-21,OP08
742,132,67,Email,Promesa de pago,22392.0,2025-11-26,OP01
743,133,47,SMS,No contesta,,,OP02
744,133,84,Email,Promesa de pago,16511.0,2025-12-01,OP07
745,133,89,SMS,Promesa de pago,39523.0,2025-12-23,OP10
746,134,85,Telefono,Promesa de pago,37790.0,2025-12-22,OP04
747,134,52,Telefono,Promesa de pago,26260.0,2025-11-02,OP05
748,134,47,SMS,Contacto efectivo,,,OP02
749,134,21,WhatsApp,Promesa de pago,52946.0,2025-10-03,OP08
750,134,10,Telefono,No contesta,,,OP08
751,134,75,Telefono,Promesa de pago,43078.0,2025-11-25,OP10
752,134,59,Telefono,Incobrable,,,OP05
753,135,59,Telefono,No contesta,,,OP08
754,135,60,SMS,Fuera de servicio,,,OP12
755,136,76,Telefono,Promesa de pago,39631.0,2025-12-13,OP11
756,136,54,WhatsApp,No contesta,,,OP09
757,136,58,SMS,No contesta,,,OP02
758,136,31,Email,Contacto efectivo,,,OP01
759,136,55,Telefono,Contacto efectivo,,,OP15
760,137,65,WhatsApp,Contacto efectivo,,,OP06
761,137,42,Telefono,Promesa de pago,28412.0,2025-11-05,OP06
762,138,47,WhatsApp,Contacto efectivo,,,OP10
763,138,13,Telefono,Contacto efectivo,,,OP14
764,138,45,WhatsApp,Promesa de pago,54476.0,2025-11-01,OP14
765,138,27,SMS,Promesa de pago,19275.0,2025-10-01,OP05
766,138,86,SMS,Contacto efectivo,,,OP09
767,138,34,Telefono,Contacto efectivo,,,OP10
768,138,20,SMS,Contacto efectivo,,,OP02
769,139,4,WhatsApp,No contesta,,,OP14
770,139,13,Email,Contacto efectivo,,,OP07
771,139,15,SMS,Fuera de servicio,,,OP15
772,140,35,SMS,Contacto efectivo,,,OP04
773,140,35,Email,No contesta,,,OP12
774,140,24,Telefono,Fuera de servicio,,,OP07
775,140,50,Email,Contacto efectivo,,,OP04
776,140,13,Email,No contesta,,,OP14
777,141,79,Email,No contesta,,,OP08
778,141,59,Email,Contacto efectivo,,,OP14
779,141,4,Email,No contesta,,,OP13
780,141,66,WhatsApp,No contesta,,,OP08
781,141,24,SMS,Incobrable,,,OP09
782,141,45,SMS,Promesa de pago,46966.0,2025-11-03,OP08
783,142,80,WhatsApp,No contesta,,,OP06
784,142,18,Telefono,Contacto efectivo,,,OP13
785,143,60,WhatsApp,No contesta,,,OP13
786,143,23,WhatsApp,Promesa de pago,61693.0,2025-09-27,OP08
787,143,23,WhatsApp,No contesta,,,OP02
788,143,15,Email,No contesta,,,OP09
789,143,74,Email,No contesta,,,OP08
790,143,63,SMS,No contesta,,,OP11
791,143,17,SMS,Fuera de servicio,,,OP04
792,143,81,Telefono,Promesa de pago,37938.0,2025-12-18,OP06
793,144,22,SMS,Promesa de pago,,,OP13
794,144,3,Email,Incobrable,,,OP07
795,144,14,Telefono,Fuera de servicio,,,OP11
796,144,73,SMS,Contacto efectivo,,,OP13
797,144,47,Email,No contesta,,,OP07
798,145,25,Telefono,Contacto efectivo,,,OP08
799,145,25,WhatsApp,Promesa de pago,55430.0,2025-10-19,OP09
800,145,25,Email,Fuera de servicio,,,OP02
801,145,10,SMS,Contacto efectivo,,,OP05
802,145,21,SMS,Incobrable,,,OP07
803,145,81,Email,Contacto efectivo,,,OP02
804,145,76,WhatsApp,Contacto efectivo,,,OP06
805,146,75,SMS,No contesta,,,OP02
806,146,59,WhatsApp,No contesta,,,OP09
807,146,47,WhatsApp,Contacto efectivo,,,OP12
808,146,60,SMS,No contesta,,,OP06
809,147,90,SMS,No contesta,,,OP15
810,147,72,SMS,Incobrable,,,OP07
811,147,46,Email,Contacto efectivo,,,OP12
812,148,43,Telefono,Promesa de pago,35095.0,2025-11-09,OP01
813,148,80,WhatsApp,Contacto efectivo,,,OP13
814,148,47,WhatsApp,Promesa de pago,60121.0,2025-11-06,OP07
815,148,52,Telefono,No contesta,,,OP13
816,148,67,SMS,No contesta,,,OP14
817,148,52,WhatsApp,Contacto efectivo,,,OP05
818,149,37,Email,Promesa de pago,14933.0,2025-10-18,OP13
819,149,2,Email,No contesta,,,OP02
820,149,69,WhatsApp,Promesa de pago,53041.0,2025-11-14,OP13
821,149,62,Email,Incobrable,,,OP06
822,149,52,Email,Promesa de pago,24226.0,2025-11-10,OP09
823,149,79,Telefono,Promesa de pago,38164.0,2025-11-23,OP04
824,149,75,WhatsApp,No contesta,,,OP04
825,149,44,WhatsApp,Contacto efectivo,,,OP09
826,149,7,WhatsApp,Contacto efectivo,,,OP14
827,150,35,Telefono,No contesta,,,OP15
828,150,83,Email,Incobrable,,,OP02
829,150,59,WhatsApp,No contesta,,,OP02
830,150,60,Email,Fuera de servicio,,,OP14
831,150,39,SMS,Incobrable,,,OP08
832,150,1,Telefono,Contacto efectivo,,,OP04
833,150,71,WhatsApp,Contacto efectivo,,,OP12
834,150,81,Email,Promesa de pago,31684.0,2025-12-13,OP01
835,151,24,SMS,No contesta,,,OP10
836,151,75,SMS,Incobrable,,,OP11
837,151,67,WhatsApp,No contesta,,,OP11
838,152,54,Email,Fuera de servicio,,,OP02
839,152,60,Email,Contacto efectivo,,,OP06
840,153,25,WhatsApp,Contacto efectivo,,,OP12
841,153,42,Telefono,Contacto efectivo,,,OP08
842,153,42,WhatsApp,No contesta,,,OP13
843,153,22,WhatsApp,Contacto efectivo,,,OP11
844,153,27,WhatsApp,Promesa de pago,65307.0,2025-10-07,OP10
845,154,90,Email,Contacto efectivo,,,OP09
846,154,48,Email,Contacto efectivo,,,OP02
847,154,65,Email,Fuera de servicio,,,OP08
848,154,27,Telefono,Fuera de servicio,,,OP14
849,154,66,Email,Contacto efectivo,,,OP05
850,155,84,Email,No contesta,,,OP05
851,155,10,Telefono,No contesta,,,OP02
852,155,88,Email,No contesta,,,OP10
853,155,76,WhatsApp,Contacto efectivo,,,OP04
854,155,45,WhatsApp,No contesta,,,OP15
855,156,61,Telefono,Incobrable,,,OP01
856,156,45,WhatsApp,Fuera de servicio,,,OP06
857,156,67,Telefono,No contesta,,,OP11
858,156,16,Email,Contacto efectivo,,,OP05
859,156,78,WhatsApp,No contesta,,,OP06
860,156,12,Telefono,No contesta,,,OP07
861,156,14,WhatsApp,Contacto efectivo,,,OP15
862,156,44,WhatsApp,Incobrable,,,OP15
863,156,44,Telefono,Fuera de servicio,,,OP11
864,157,87,SMS,Promesa de pago,10864.0,2025-11-27,OP14
865,157,17,WhatsApp,No contesta,,,OP06
866,157,62,Email,No contesta,,,OP13
867,157,84,Telefono,No contesta,,,OP13
868,157,70,SMS,Promesa de pago,31316.0,2025-11-21,OP06
869,158,72,Email,Contacto efectivo,,,OP12
870,158,87,SMS,Contacto efectivo,,,OP15
871,159,88,WhatsApp,No contesta,,,OP10
872,159,16,WhatsApp,Incobrable,,,OP03
873,159,65,Telefono,No contesta,,,OP15
874,159,1,Telefono,No contesta,,,OP04
875,159,70,Email,No contesta,,,OP03
876,159,33,SMS,Fuera de servicio,,,OP05
877,159,91,Email,Contacto efectivo,,,OP13
878,160,73,SMS,Promesa de pago,,,OP06
879,160,91,Telefono,Fuera de servicio,,,OP13
880,160,60,Email,Promesa de pago,64314.0,2025-11-05,OP04
881,160,72,Email,Incobrable,,,OP03
882,160,26,Telefono,No contesta,,,OP12
883,161,20,Email,Fuera de servicio,,,OP07
884,161,51,SMS,No contesta,,,OP07
885,162,11,SMS,Fuera de servicio,,,OP11
886,162,38,SMS,No contesta,,,OP06
887,162,46,Telefono,No contesta,,,OP10
888,162,65,Email,Incobrable,,,OP11
889,162,52,Email,Promesa de pago,54348.0,2025-11-20,OP07
890,162,12,WhatsApp,Promesa de pago,44420.0,2025-09-28,OP12
891,162,53,Telefono,No contesta,,,OP13
892,163,54,WhatsApp,No contesta,,,OP04
893,163,75,SMS,Incobrable,,,OP14
894,164,11,Telefono,No contesta,,,OP07
895,164,45,Email,Contacto efectivo,,,OP11
896,164,57,WhatsApp,No contesta,,,OP13
897,165,36,SMS,Contacto efectivo,,,OP14
898,165,17,WhatsApp,Contacto efectivo,,,OP14
899,165,45,Email,Contacto efectivo,,,OP09
900,165,51,SMS,Contacto efectivo,,,OP15
901,166,64,WhatsApp,No contesta,,,OP06
902,166,64,WhatsApp,Promesa de pago,38369.0,2025-11-09,OP07
903,166,74,SMS,No contesta,,,OP13
904,166,50,Email,No contesta,,,OP01
905,166,1,Email,Contacto efectivo,,,OP02
906,166,4,SMS,Promesa de pago,66832.0,2025-09-06,OP06
907,167,73,Email,Contacto efectivo,,,OP13
908,167,24,WhatsApp,Promesa de pago,48170.0,2025-10-12,OP04
909,167,18,Telefono,Contacto efectivo,,,OP03
910,168,59,Telefono,No contesta,,,OP01
911,168,39,WhatsApp,Incobrable,,,OP07
912,168,4,WhatsApp,Contacto efectivo,,,OP11
913,168,66,WhatsApp,Fuera de servicio,,,OP04
914,168,18,SMS,No contesta,,,OP07
915,168,1,WhatsApp,No contesta,,,OP07
916,168,90,WhatsApp,Contacto efectivo,,,OP12
917,168,72,SMS,Promesa de pago,17933.0,2025-12-09,OP05
918,169,42,Telefono,No contesta,,,OP12
919,169,27,WhatsApp,No contesta,,,OP05
920,170,29,WhatsApp,No contesta,,,OP05
921,170,15,SMS,Fuera de servicio,,,OP05
922,170,44,SMS,Contacto efectivo,,,OP07
923,170,43,WhatsApp,No contesta,,,OP05
924,170,58,SMS,No contesta,,,OP15
925,171,11,WhatsApp,Promesa de pago,49516.0,2025-09-13,OP04
926,171,66,WhatsApp,Promesa de pago,37832.0,2025-11-06,OP10
927,171,16,SMS,Promesa de pago,22466.0,2025-10-05,OP12
928,172,58,Email,Contacto efectivo,,,OP05
929,172,87,Telefono,Promesa de pago,22070.0,2025-12-07,OP11
930,173,29,SMS,Contacto efectivo,,,OP03
931,173,10,SMS,Contacto efectivo,,,OP03
932,173,6,WhatsApp,No contesta,,,OP13
933,173,19,Email,Promesa de pago,47038.0,2025-10-04,OP07
934,173,85,Email,Contacto efectivo,,,OP07
935,173,16,Email,No contesta,,,OP09
936,173,60,Telefono,No contesta,,,OP09
937,173,71,WhatsApp,Contacto efectivo,,,OP02
938,174,22,Telefono,No contesta,,,OP12
939,174,1,Email,No contesta,,,OP14
940,175,56,WhatsApp,No contesta,,,OP12
941,175,89,WhatsApp,Contacto efectivo,,,OP14
942,175,78,Telefono,Contacto efectivo,,,OP07
943,175,43,Telefono,Fuera de servicio,,,OP11
944,175,25,Telefono,Contacto efectivo,,,OP11
945,175,78,SMS,No contesta,,,OP12
946,175,63,SMS,Fuera de servicio,,,OP08
947,175,27,Telefono,Promesa de pago,69872.0,2025-09-28,OP08
948,175,67,WhatsApp,Incobrable,,,OP08
949,176,45,Telefono,Contacto efectivo,,,OP04
950,176,82,WhatsApp,Promesa de pago,42113.0,2025-12-01,OP10
951,176,76,WhatsApp,Contacto efectivo,,,OP15
952,176,55,SMS,Promesa de pago,49661.0,2025-11-22,OP07
953,176,45,Telefono,Contacto efectivo,,,OP01
954,176,51,WhatsApp,Promesa de pago,54306.0,2025-10-31,OP07
955,176,55,Email,No contesta,,,OP11
956,176,33,SMS,Promesa de pago,15296.0,2025-10-31,OP04
957,176,40,Telefono,No contesta,,,OP14
958,177,54,Email,Contacto efectivo,,,OP03
959,177,60,Email,Incobrable,,,OP12
960,177,55,Telefono,Incobrable,,,OP10
961,177,85,Telefono,Incobrable,,,OP06
962,177,23,SMS,No contesta,,,OP11
963,177,23,Telefono,No contesta,,,OP11
964,177,18,Telefono,No contesta,,,OP05
965,177,57,SMS,Contacto efectivo,,,OP13
966,178,82,SMS,Contacto efectivo,,,OP08
967,178,51,WhatsApp,No contesta,,,OP04
968,178,91,Telefono,No contesta,,,OP05
969,178,57,WhatsApp,Promesa de pago,23900.0,2025-11-09,OP08
970,178,20,Telefono,No contesta,,,OP12
971,179,28,Telefono,No contesta,,,OP10
972,179,41,Telefono,No contesta,,,OP13
973,180,6,WhatsApp,Contacto efectivo,,,OP02
974,180,40,Telefono,Contacto efectivo,,,OP03
975,180,24,Email,Contacto efectivo,,,OP01
976,180,88,WhatsApp,No contesta,,,OP01
977,180,25,Email,Contacto efectivo,,,OP14
978,180,89,Telefono,No contesta,,,OP03
979,180,23,Email,No contesta,,,OP06
980,181,73,SMS,No contesta,,,OP01
981,181,34,Email,Contacto efectivo,,,OP07
982,181,18,Telefono,No contesta,,,OP13
983,181,6,WhatsApp,No contesta,,,OP09
984,182,39,WhatsApp,Promesa de pago,67617.0,2025-10-18,OP14
985,182,73,Email,Fuera de servicio,,,OP15
986,182,40,Telefono,Fuera de servicio,,,OP10
987,182,4,SMS,No contesta,,,OP03
988,182,52,Telefono,Promesa de pago,27006.0,2025-11-11,OP04
989,182,13,Telefono,Contacto efectivo,,,OP10
990,182,61,Email,No contesta,,,OP03
991,182,63,Telefono,Contacto efectivo,,,OP14
992,182,11,Telefono,Contacto efectivo,,,OP10
993,183,36,Email,No contesta,,,OP05
994,183,74,Telefono,Incobrable,,,OP04
995,183,71,Email,No contesta,,,OP12
996,183,23,Email,Fuera de servicio,,,OP07
997,183,85,WhatsApp,Incobrable,,,OP10
998,183,51,SMS,Promesa de pago,35363.0,2025-11-02,OP09
999,184,2,WhatsApp,Incobrable,,,OP07
1000,184,70,SMS,No contesta,,,OP02
1001,185,84,SMS,Promesa de pago,60642.0,2025-12-09,OP06
1002,185,62,Email,Promesa de pago,63464.0,2025-11-11,OP09
1003,185,35,Telefono,Promesa de pago,,,OP03
1004,185,7,Telefono,Contacto efectivo,,,OP09
1005,186,51,Email,Contacto efectivo,,,OP04
1006,186,83,SMS,Promesa de pago,41898.0,2025-12-15,OP13
1007,186,36,Email,Contacto efectivo,,,OP02
1008,186,87,WhatsApp,Promesa de pago,25511.0,2025-12-03,OP09
1009,186,28,WhatsApp,Promesa de pago,50537.0,2025-10-01,OP13
1010,186,54,WhatsApp,Fuera de servicio,,,OP11
1011,186,72,Email,Promesa de pago,25240.0,2025-12-10,OP06
1012,186,29,Email,Promesa de pago,59530.0,2025-10-18,OP06
1013,186,7,SMS,Promesa de pago,13158.0,2025-09-12,OP06
1014,187,42,WhatsApp,No contesta,,,OP15
1015,187,37,SMS,No contesta,,,OP01
1016,187,48,Email,Promesa de pago,48333.0,2025-10-30,OP03
1017,187,14,Telefono,Fuera de servicio,,,OP13
1018,188,17,Email,No contesta,,,OP07
1019,188,82,WhatsApp,No contesta,,,OP02
1020,188,79,SMS,Contacto efectivo,,,OP15
1021,188,50,Email,Fuera de servicio,,,OP15
1022,188,3,Telefono,Fuera de servicio,,,OP09
1023,188,88,Telefono,Incobrable,,,OP14
1024,188,13,WhatsApp,Incobrable,,,OP15
1025,188,78,WhatsApp,No contesta,,,OP02
1026,189,71,SMS,Promesa de pago,28445.0,2025-12-09,OP13
1027,189,54,Telefono,No contesta,,,OP14
1028,189,89,Telefono,No contesta,,,OP04
1029,189,85,WhatsApp,No contesta,,,OP03
1030,189,16,Email,Promesa de pago,51401.0,2025-09-18,OP01
1031,189,4,WhatsApp,No contesta,,,OP14
1032,189,6,Telefono,No contesta,,,OP05
1033,190,20,SMS,Contacto efectivo,,,OP09
1034,190,37,Telefono,Contacto efectivo,,,OP10
1035,190,57,SMS,Contacto efectivo,,,OP04
1036,190,86,WhatsApp,Promesa de pago,19637.0,2025-12-17,OP02
1037,190,18,SMS,Promesa de pago,50067.0,2025-10-03,OP01
1038,190,82,SMS,Contacto efectivo,,,OP01
1039,191,55,WhatsApp,Contacto efectivo,,,OP14
1040,191,80,WhatsApp,Contacto efectivo,,,OP10
1041,191,88,Telefono,Contacto efectivo,,,OP08
1042,191,18,Telefono,No contesta,,,OP05
1043,191,43,WhatsApp,Fuera de servicio,,,OP01
1044,192,18,SMS,Promesa de pago,51785.0,2025-09-20,OP14
1045,192,71,WhatsApp,No contesta,,,OP07
1046,192,40,WhatsApp,No contesta,,,OP01
1047,192,68,Email,Incobrable,,,OP02
1048,192,29,WhatsApp,Promesa de pago,44635.0,2025-10-27,OP09
1049,192,56,Email,Promesa de pago,22197.0,2025-11-24,OP04
1050,192,54,Email,Contacto efectivo,,,OP15
1051,192,71,SMS,Contacto efectivo,,,OP09
1052,193,60,WhatsApp,No contesta,,,OP13
1053,193,22,WhatsApp,Incobrable,,,OP13
1054,193,41,Telefono,No contesta,,,OP15
1055,193,30,SMS,Contacto efectivo,,,OP10
1056,193,17,SMS,No contesta,,,OP09
1057,193,79,WhatsApp,Promesa de pago,34466.0,2025-11-28,OP03
1058,193,35,Telefono,Promesa de pago,45525.0,2025-10-08,OP04
1059,193,51,Telefono,No contesta,,,OP05
1060,194,61,WhatsApp,No contesta,,,OP12
1061,194,65,Email,Promesa de pago,21962.0,2025-11-30,OP11
1062,194,44,Email,Fuera de servicio,,,OP15
1063,194,34,Email,No contesta,,,OP14
1064,194,78,Email,No contesta,,,OP03
1065,194,2,Telefono,Contacto efectivo,,,OP01
1066,194,12,Email,Promesa de pago,59589.0,2025-09-16,OP09
1067,194,58,WhatsApp,Contacto efectivo,,,OP06
1068,194,45,SMS,Contacto efectivo,,,OP10
1069,195,7,SMS,No contesta,,,OP10
1070,195,79,SMS,Fuera de servicio,,,OP11
1071,195,57,WhatsApp,Promesa de pago,47711.0,2025-11-25,OP07
1072,195,80,WhatsApp,Promesa de pago,45228.0,2025-11-24,OP03
1073,195,41,SMS,No contesta,,,OP03
1074,195,58,WhatsApp,Fuera de servicio,,,OP11
1075,196,1,Email,No contesta,,,OP06
1076,196,10,WhatsApp,Contacto efectivo,,,OP14
1077,196,21,Telefono,No contesta,,,OP01
1078,196,74,SMS,Incobrable,,,OP10
1079,196,51,Email,Fuera de servicio,,,OP09
1080,196,32,SMS,No contesta,,,OP12
1081,196,81,SMS,Contacto efectivo,,,OP02
1082,196,58,Email,Contacto efectivo,,,OP02
1083,197,13,SMS,No contesta,,,OP12
1084,197,22,WhatsApp,Contacto efectivo,,,OP01
1085,197,75,Telefono,Contacto efectivo,,,OP11
1086,197,38,Email,Contacto efectivo,,,OP08
1087,197,17,Telefono,Contacto efectivo,,,OP02
1088,197,62,Email,Promesa de pago,33345.0,2025-11-30,OP01
1089,197,40,Telefono,Promesa de pago,27308.0,2025-10-27,OP05
1090,197,17,Email,Contacto efectivo,,,OP04
1091,198,45,Telefono,No contesta,,,OP14
1092,198,49,Email,Contacto efectivo,,,OP02
1093,198,20,SMS,No contesta,,,OP11
1094,198,9,SMS,No contesta,,,OP15
1095,198,19,WhatsApp,Contacto efectivo,,,OP09
1096,198,26,Email,No contesta,,,OP01
1097,199,53,Telefono,Contacto efectivo,,,OP10
1098,199,19,Telefono,No contesta,,,OP12
1099,199,49,SMS,No contesta,,,OP11
1100,200,55,Email,Promesa de pago,30085.0,2025-11-13,OP04
1101,200,46,Email,No contesta,,,OP13
1102,201,62,Telefono,No contesta,,,OP10
1103,201,80,Email,No contesta,,,OP13
1104,201,6,Email,Fuera de servicio,,,OP07
1105,201,78,WhatsApp,No contesta,,,OP14
1106,201,71,Telefono,No contesta,,,OP13
1107,201,84,Email,Contacto efectivo,,,OP04
1108,201,26,WhatsApp,Incobrable,,,OP12
1109,202,49,Email,Promesa de pago,36327.0,2025-11-08,OP01
1110,202,26,Email,No contesta,,,OP04
1111,202,40,Telefono,Contacto efectivo,,,OP07
1112,202,79,Telefono,No contesta,,,OP14
1113,202,48,Email,No contesta,,,OP04
1114,202,59,SMS,Incobrable,,,OP12
1115,202,40,Email,Promesa de pago,61873.0,2025-11-07,OP14
1116,203,6,Email,No contesta,,,OP06
1117,203,18,SMS,No contesta,,,OP06
1118,203,51,Email,Contacto efectivo,,,OP03
1119,203,6,Telefono,Contacto efectivo,,,OP11
1120,203,48,Telefono,No contesta,,,OP11
1121,203,15,WhatsApp,No contesta,,,OP05
1122,203,23,Telefono,Promesa de pago,32469.0,2025-09-30,OP15
1123,204,72,SMS,No contesta,,,OP06
1124,204,72,Telefono,Incobrable,,,OP03
1125,204,14,WhatsApp,No contesta,,,OP12
1126,204,38,WhatsApp,No contesta,,,OP02
1127,204,41,Telefono,Promesa de pago,21998.0,2025-10-27,OP01
1128,204,12,WhatsApp,Contacto efectivo,,,OP13
1129,205,85,Email,Fuera de servicio,,,OP02
1130,205,69,Email,Contacto efectivo,,,OP01
1131,205,74,Email,No contesta,,,OP13
1132,206,11,SMS,Fuera de servicio,,,OP12
1133,206,73,WhatsApp,No contesta,,,OP11
1134,206,53,Telefono,Promesa de pago,33331.0,2025-10-26,OP04
1135,206,76,Email,No contesta,,,OP06
1136,207,85,Email,Promesa de pago,21283.0,2025-12-21,OP02
1137,207,7,WhatsApp,No contesta,,,OP06
1138,207,38,Email,Contacto efectivo,,,OP06
1139,208,74,WhatsApp,Incobrable,,,OP06
1140,208,17,WhatsApp,Fuera de servicio,,,OP08
1141,208,51,Email,Contacto efectivo,,,OP05
1142,208,70,WhatsApp,Fuera de servicio,,,OP07
1143,208,88,WhatsApp,No contesta,,,OP08
1144,209,57,Email,No contesta,,,OP10
1145,209,27,Telefono,No contesta,,,OP04
1146,209,42,WhatsApp,Contacto efectivo,,,OP09
1147,209,75,Telefono,Promesa de pago,51302.0,2025-11-18,OP04
1148,209,64,Telefono,No contesta,,,OP05
1149,210,18,Telefono,Contacto efectivo,,,OP02
1150,210,84,WhatsApp,No contesta,,,OP13
1151,210,18,Email,No contesta,,,OP08
1152,211,30,WhatsApp,No contesta,,,OP07
1153,211,52,WhatsApp,Incobrable,,,OP10
1154,211,90,SMS,Promesa de pago,26195.0,2025-12-24,OP13
1155,211,82,SMS,No contesta,,,OP10
1156,211,23,Email,No contesta,,,OP01
1157,211,12,Telefono,Incobrable,,,OP09
1158,212,18,Telefono,Incobrable,,,OP10
1159,212,30,SMS,Contacto efectivo,,,OP13
1160,212,3,SMS,Promesa de pago,13659.0,2025-09-30,OP10
1161,212,28,Telefono,No contesta,,,OP06
1162,212,76,Telefono,Contacto efectivo,,,OP07
1163,212,26,Email,Promesa de pago,31691.0,2025-10-20,OP07
1164,212,15,Telefono,Promesa de pago,12892.0,2025-09-23,OP11
1165,212,50,Email,Promesa de pago,39087.0,2025-10-29,OP15
1166,212,15,Telefono,Contacto efectivo,,,OP06
1167,213,4,WhatsApp,Contacto efectivo,,,OP13
1168,213,37,Telefono,Incobrable,,,OP13
1169,214,91,Telefono,Promesa de pago,,,OP07
1170,214,61,Email,Incobrable,,,OP15
1171,214,53,Email,No contesta,,,OP12
1172,214,90,Email,Promesa de pago,20763.0,2025-12-11,OP01
1173,214,54,SMS,Fuera de servicio,,,OP05
1174,214,77,Telefono,No contesta,,,OP10
1175,215,75,Email,Incobrable,,,OP05
1176,215,33,Telefono,Contacto efectivo,,,OP08
1177,215,51,Telefono,Contacto efectivo,,,OP15
1178,215,38,Telefono,No contesta,,,OP03
1179,215,54,Email,No contesta,,,OP06
1180,215,4,Email,Incobrable,,,OP08
1181,215,36,Email,Incobrable,,,OP02
1182,216,67,Telefono,Fuera de servicio,,,OP02
1183,216,43,SMS,Incobrable,,,OP09
1184,216,78,Telefono,No contesta,,,OP15
1185,216,45,Email,Contacto efectivo,,,OP10
1186,216,80,Telefono,Contacto efectivo,,,OP02
1187,217,1,WhatsApp,Contacto efectivo,,,OP01
1188,217,91,WhatsApp,Promesa de pago,66409.0,2025-12-18,OP10
1189,217,38,Email,Promesa de pago,10835.0,2025-10-23,OP01
1190,218,49,SMS,Fuera de servicio,,,OP14
1191,218,31,Email,Promesa de pago,46790.0,2025-10-28,OP03
1192,218,90,SMS,No contesta,,,OP13
1193,219,27,Email,No contesta,,,OP14
1194,219,30,WhatsApp,Incobrable,,,OP01
1195,219,86,WhatsApp,Promesa de pago,35163.0,2025-12-11,OP07
1196,219,56,Email,Promesa de pago,13317.0,2025-11-12,OP15
1197,219,79,Email,Promesa de pago,25504.0,2025-12-02,OP05
1198,219,77,Telefono,Fuera de servicio,,,OP02
1199,219,78,Email,Contacto efectivo,,,OP04
1200,219,52,Email,Incobrable,,,OP07
1201,220,44,SMS,Contacto efectivo,,,OP02
1202,220,66,WhatsApp,No contesta,,,OP10
1203,221,77,WhatsApp,Contacto efectivo,,,OP10
1204,221,10,Email,Promesa de pago,68560.0,2025-10-01,OP03
1205,222,78,Telefono,Contacto efectivo,,,OP01
1206,222,9,WhatsApp,Contacto efectivo,,,OP09
1207,222,62,Telefono,No contesta,,,OP08
1208,222,38,SMS,No contesta,,,OP04
1209,222,50,WhatsApp,Contacto efectivo,,,OP08
1210,222,62,Telefono,No contesta,,,OP04
1211,222,10,Telefono,No contesta,,,OP01
1212,222,71,Telefono,No contesta,,,OP12
1213,223,80,SMS,Incobrable,,,OP04
1214,223,20,Telefono,No contesta,,,OP12
1215,223,5,WhatsApp,Contacto efectivo,,,OP15
1216,223,70,SMS,Incobrable,,,OP01
1217,223,65,WhatsApp,No contesta,,,OP05
1218,223,40,SMS,Contacto efectivo,,,OP13
1219,223,55,Email,Contacto efectivo,,,OP13
1220,223,85,Email,No contesta,,,OP07
1221,224,77,Telefono,No contesta,,,OP01
1222,224,66,Email,Incobrable,,,OP07
1223,224,63,SMS,Fuera de servicio,,,OP04
1224,224,73,SMS,Contacto efectivo,,,OP02
1225,224,63,SMS,Fuera de servicio,,,OP01
1226,224,69,Telefono,Incobrable,,,OP06
1227,224,71,Email,No contesta,,,OP08
1228,225,4,Telefono,Incobrable,,,OP14
1229,225,76,Telefono,Promesa de pago,60839.0,2025-12-06,OP09
1230,225,18,SMS,Contacto efectivo,,,OP12
1231,225,82,Email,No contesta,,,OP11
1232,225,23,SMS,No contesta,,,OP12
1233,225,9,Email,Promesa de pago,60901.0,2025-10-03,OP12
1234,226,76,Telefono,Promesa de pago,27929.0,2025-11-23,OP01
1235,226,59,SMS,Contacto efectivo,,,OP12
1236,226,86,WhatsApp,No contesta,,,OP11
1237,226,18,Telefono,Fuera de servicio,,,OP13
1238,226,82,WhatsApp,Promesa de pago,26198.0,2025-12-03,OP15
1239,226,38,Telefono,No contesta,,,OP11
1240,227,72,SMS,Incobrable,,,OP02
1241,227,5,WhatsApp,No contesta,,,OP04
1242,228,84,Email,No contesta,,,OP12
1243,228,66,WhatsApp,No contesta,,,OP15
1244,228,23,Telefono,Contacto efectivo,,,OP06
1245,228,55,Email,Contacto efectivo,,,OP09
1246,228,1,SMS,Promesa de pago,,,OP12
1247,228,50,Email,Contacto efectivo,,,OP12
1248,228,18,SMS,Promesa de pago,12064.0,2025-09-26,OP14
1249,228,62,SMS,Contacto efectivo,,,OP12
1250,229,34,WhatsApp,Contacto efectivo,,,OP13
1251,229,58,WhatsApp,No contesta,,,OP12
1252,229,15,WhatsApp,Contacto efectivo,,,OP05
1253,229,32,WhatsApp,Contacto efectivo,,,OP06
1254,230,51,Email,Contacto efectivo,,,OP13
1255,230,48,Telefono,Contacto efectivo,,,OP08
1256,230,66,SMS,Contacto efectivo,,,OP08
1257,231,52,Telefono,Contacto efectivo,,,OP10
1258,231,9,SMS,Contacto efectivo,,,OP05
1259,232,4,SMS,Promesa de pago,68535.0,2025-09-25,OP03
1260,232,35,Email,No contesta,,,OP09
1261,232,40,WhatsApp,Contacto efectivo,,,OP14
1262,232,13,Telefono,No contesta,,,OP04
1263,232,81,Telefono,Promesa de pago,23107.0,2025-11-26,OP13
1264,232,90,SMS,No contesta,,,OP07
1265,232,67,WhatsApp,No contesta,,,OP12
1266,232,88,SMS,Incobrable,,,OP07
1267,232,13,Telefono,Contacto efectivo,,,OP13
1268,233,13,Telefono,Incobrable,,,OP09
1269,233,40,Email,No contesta,,,OP13
1270,233,35,Telefono,No contesta,,,OP10
1271,233,11,Telefono,Promesa de pago,64387.0,2025-09-27,OP08
1272,233,72,Telefono,Contacto efectivo,,,OP07
1273,234,66,SMS,Incobrable,,,OP04
1274,234,57,Email,Contacto efectivo,,,OP09
1275,234,12,Telefono,Contacto efectivo,,,OP13
1276,234,11,SMS,Contacto efectivo,,,OP11
1277,234,70,Email,No contesta,,,OP06
1278,234,84,Email,Contacto efectivo,,,OP01
1279,235,72,Email,No contesta,,,OP01
1280,235,22,Telefono,Promesa de pago,19589.0,2025-09-25,OP07
1281,235,64,WhatsApp,No contesta,,,OP11
1282,235,48,SMS,Incobrable,,,OP01
1283,235,16,SMS,Contacto efectivo,,,OP02
1284,235,28,Telefono,No contesta,,,OP09
1285,236,59,Email,Incobrable,,,OP05
1286,236,45,Telefono,Promesa de pago,65788.0,2025-10-17,OP11
1287,236,7,Telefono,Contacto efectivo,,,OP11
1288,236,38,Email,No contesta,,,OP02
1289,236,53,WhatsApp,Promesa de pago,34127.0,2025-10-31,OP15
1290,236,51,WhatsApp,No contesta,,,OP03
1291,236,64,SMS,Fuera de servicio,,,OP01
1292,236,58,Telefono,Contacto efectivo,,,OP05
1293,236,39,WhatsApp,Incobrable,,,OP02
1294,237,36,WhatsApp,Promesa de pago,45426.0,2025-10-22,OP11
1295,237,28,Telefono,Incobrable,,,OP11
1296,237,84,SMS,Contacto efectivo,,,OP02
1297,237,82,Telefono,Contacto efectivo,,,OP10
1298,238,9,Email,No contesta,,,OP06
1299,238,61,WhatsApp,Incobrable,,,OP12
1300,238,36,Telefono,No contesta,,,OP15
1301,238,70,SMS,Incobrable,,,OP10
1302,238,5,Telefono,No contesta,,,OP05
1303,238,90,Email,Promesa de pago,40461.0,2025-12-19,OP10
1304,239,1,SMS,Contacto efectivo,,,OP04
1305,239,47,Email,Promesa de pago,67153.0,2025-11-06,OP07
1306,239,38,WhatsApp,No contesta,,,OP11
1307,239,46,Email,Incobrable,,,OP08
1308,239,71,Telefono,Contacto efectivo,,,OP08
1309,239,63,Email,Contacto efectivo,,,OP04
1310,239,8,SMS,Promesa de pago,67327.0,2025-09-25,OP02
1311,239,26,WhatsApp,Promesa de pago,51508.0,2025-09-28,OP04
1312,239,23,Telefono,No contesta,,,OP06
1313,240,48,WhatsApp,No contesta,,,OP05
1314,240,73,SMS,No contesta,,,OP08
1315,240,77,SMS,Contacto efectivo,,,OP01
1316,240,43,Email,Promesa de pago,16697.0,2025-10-19,OP07
1317,240,36,WhatsApp,No contesta,,,OP14
1318,241,25,SMS,Promesa de pago,21689.0,2025-10-01,OP01
1319,241,54,WhatsApp,No contesta,,,OP13
1320,241,58,WhatsApp,Fuera de servicio,,,OP10
1321,242,82,Email,Promesa de pago,41846.0,2025-12-19,OP06
1322,242,84,Telefono,Fuera de servicio,,,OP11
1323,242,1,Telefono,Contacto efectivo,,,OP14
1324,243,3,SMS,Promesa de pago,15611.0,2025-09-05,OP08
1325,243,77,SMS,Contacto efectivo,,,OP10
1326,244,24,Email,No contesta,,,OP08
1327,244,16,SMS,Promesa de pago,11294.0,2025-10-06,OP06
1328,244,11,WhatsApp,Promesa de pago,,,OP03
1329,244,69,WhatsApp,No contesta,,,OP11
1330,245,41,SMS,No contesta,,,OP07
1331,245,59,Email,No contesta,,,OP07
1332,245,49,Telefono,Promesa de pago,32398.0,2025-10-24,OP15
1333,246,20,Email,No contesta,,,OP12
1334,246,77,Email,No contesta,,,OP03
1335,246,30,Telefono,Contacto efectivo,,,OP07
1336,246,89,SMS,No contesta,,,OP01
1337,246,69,WhatsApp,Contacto efectivo,,,OP08
1338,247,53,Email,No contesta,,,OP04
1339,247,52,WhatsApp,Promesa de pago,44881.0,2025-11-11,OP09
1340,247,44,SMS,Fuera de servicio,,,OP13
1341,247,54,Telefono,Contacto efectivo,,,OP12
1342,248,73,Telefono,No contesta,,,OP05
1343,248,2,WhatsApp,Fuera de servicio,,,OP14
1344,248,59,WhatsApp,Fuera de servicio,,,OP07
1345,248,58,Email,Contacto efectivo,,,OP02
1346,248,41,Telefono,Promesa de pago,30619.0,2025-10-26,OP02
1347,248,14,SMS,No contesta,,,OP05
1348,248,81,Email,Contacto efectivo,,,OP10
1349,248,43,Telefono,Contacto efectivo,,,OP10
1350,249,49,Email,No contesta,,,OP02
1351,249,9,Telefono,No contesta,,,OP13
1352,250,78,WhatsApp,No contesta,,,OP08
1353,250,42,Telefono,Contacto efectivo,,,OP04
1354,250,82,Telefono,No contesta,,,OP12
1355,251,80,SMS,Incobrable,,,OP03
1356,251,62,WhatsApp,Contacto efectivo,,,OP13
1357,251,82,Email,Incobrable,,,OP10
1358,251,89,Telefono,Promesa de pago,46704.0,2025-12-26,OP04
1359,251,37,WhatsApp,Contacto efectivo,,,OP12
1360,251,5,SMS,Contacto efectivo,,,OP13
1361,251,9,Telefono,Contacto efectivo,,,OP14
1362,251,67,Email,Contacto efectivo,,,OP13
1363,252,90,WhatsApp,No contesta,,,OP09
1364,252,26,SMS,No contesta,,,OP14
1365,252,68,Telefono,No contesta,,,OP07
1366,252,44,SMS,Contacto efectivo,,,OP09
1367,253,61,Email,Contacto efectivo,,,OP15
1368,253,47,WhatsApp,Incobrable,,,OP13
1369,253,69,Email,No contesta,,,OP10
1370,254,56,Telefono,Contacto efectivo,,,OP02
1371,254,30,WhatsApp,Contacto efectivo,,,OP06
1372,254,55,SMS,No contesta,,,OP10
1373,254,57,Telefono,Promesa de pago,16841.0,2025-11-22,OP06
1374,254,76,WhatsApp,No contesta,,,OP11
1375,254,90,Email,Contacto efectivo,,,OP08
1376,254,52,WhatsApp,Contacto efectivo,,,OP05
1377,254,59,SMS,No contesta,,,OP15
1378,254,30,Telefono,No contesta,,,OP15
1379,255,20,SMS,Promesa de pago,54927.0,2025-09-25,OP05
1380,255,87,Email,Incobrable,,,OP10
1381,256,62,WhatsApp,No contesta,,,OP10
1382,256,29,Telefono,No contesta,,,OP01
1383,256,83,Telefono,Promesa de pago,,,OP15
1384,256,7,Email,No contesta,,,OP08
1385,257,69,Telefono,No contesta,,,OP06
1386,257,79,Telefono,Promesa de pago,11770.0,2025-12-09,OP11
1387,257,30,Telefono,Incobrable,,,OP07
1388,257,33,Telefono,No contesta,,,OP01
1389,257,38,WhatsApp,No contesta,,,OP14
1390,257,50,Email,No contesta,,,OP02
1391,258,41,WhatsApp,No contesta,,,OP01
1392,258,62,WhatsApp,Contacto efectivo,,,OP14
1393,258,22,WhatsApp,No contesta,,,OP07
1394,258,12,WhatsApp,Fuera de servicio,,,OP03
1395,259,48,WhatsApp,No contesta,,,OP09
1396,259,13,WhatsApp,No contesta,,,OP05
1397,259,55,SMS,Contacto efectivo,,,OP04
1398,259,2,WhatsApp,Promesa de pago,,,OP03
1399,259,35,SMS,No contesta,,,OP10
1400,259,59,Email,Fuera de servicio,,,OP01
1401,259,19,SMS,Contacto efectivo,,,OP09
1402,259,76,SMS,Fuera de servicio,,,OP09
1403,260,68,SMS,Promesa de pago,66017.0,2025-11-10,OP12
1404,260,41,Telefono,No contesta,,,OP08
1405,260,22,SMS,Promesa de pago,57599.0,2025-10-01,OP10
1406,260,60,Telefono,Contacto efectivo,,,OP11
1407,260,80,Email,Promesa de pago,60390.0,2025-12-18,OP03
1408,260,31,WhatsApp,Promesa de pago,68701.0,2025-10-23,OP13
1409,260,48,SMS,Contacto efectivo,,,OP06
1410,261,18,SMS,No contesta,,,OP05
1411,261,65,WhatsApp,No contesta,,,OP11
1412,261,70,Email,No contesta,,,OP04
1413,262,45,SMS,Fuera de servicio,,,OP08
1414,262,3,Email,Promesa de pago,29157.0,2025-10-02,OP02
1415,262,69,SMS,No contesta,,,OP05
1416,262,91,Email,Contacto efectivo,,,OP15
1417,262,33,WhatsApp,No contesta,,,OP05
1418,263,60,SMS,Contacto efectivo,,,OP09
1419,263,2,SMS,Promesa de pago,46964.0,2025-09-26,OP03
1420,263,5,Telefono,Incobrable,,,OP13
1421,263,20,WhatsApp,No contesta,,,OP04
1422,264,25,Email,No contesta,,,OP10
1423,264,70,SMS,No contesta,,,OP01
1424,264,1,Telefono,Contacto efectivo,,,OP03
1425,265,48,SMS,Contacto efectivo,,,OP03
1426,265,76,WhatsApp,Promesa de pago,14792.0,2025-12-09,OP06
1427,265,3,Email,Fuera de servicio,,,OP15
1428,265,69,WhatsApp,No contesta,,,OP01
1429,265,72,Email,No contesta,,,OP12
1430,266,76,WhatsApp,No contesta,,,OP07
1431,266,89,Email,Contacto efectivo,,,OP14
1432,266,88,Email,Contacto efectivo,,,OP09
1433,266,87,Telefono,Contacto efectivo,,,OP12
1434,266,15,SMS,Contacto efectivo,,,OP05
1435,266,86,WhatsApp,No contesta,,,OP08
1436,266,82,SMS,Contacto efectivo,,,OP04
1437,266,90,SMS,Contacto efectivo,,,OP03
1438,266,90,SMS,Promesa de pago,35008.0,2025-12-02,OP05
1439,267,17,SMS,No contesta,,,OP01
1440,267,58,Email,No contesta,,,OP14
1441,267,19,Email,Promesa de pago,24781.0,2025-10-14,OP13
1442,267,18,Email,No contesta,,,OP13
1443,267,54,SMS,No contesta,,,OP06
1444,267,34,Email,No contesta,,,OP10
1445,268,88,SMS,Incobrable,,,OP10
1446,268,61,SMS,No contesta,,,OP01
1447,268,80,SMS,Fuera de servicio,,,OP10
1448,269,40,SMS,Contacto efectivo,,,OP01
1449,269,21,Email,Incobrable,,,OP01
1450,269,32,Email,Contacto efectivo,,,OP11
1451,269,20,Telefono,Promesa de pago,58037.0,2025-10-03,OP12
1452,269,70,SMS,No contesta,,,OP01
1453,269,70,SMS,Incobrable,,,OP15
1454,269,26,WhatsApp,Promesa de pago,59918.0,2025-10-17,OP06
1455,269,88,Telefono,Contacto efectivo,,,OP10
1456,269,17,Email,No contesta,,,OP10
1457,270,24,WhatsApp,Incobrable,,,OP11
1458,270,25,Email,No contesta,,,OP02
1459,270,18,Telefono,Incobrable,,,OP12
1460,270,64,WhatsApp,Contacto efectivo,,,OP10
1461,270,86,Telefono,Contacto efectivo,,,OP12
1462,270,63,Telefono,Promesa de pago,22886.0,2025-11-06,OP07
1463,270,15,Telefono,No contesta,,,OP05
1464,270,79,SMS,Promesa de pago,63331.0,2025-11-21,OP10
1465,270,4,WhatsApp,Fuera de servicio,,,OP07
1466,271,90,Email,No contesta,,,OP08
1467,271,66,Telefono,Contacto efectivo,,,OP11
1468,271,18,WhatsApp,Contacto efectivo,,,OP14
1469,271,74,SMS,Fuera de servicio,,,OP11
1470,272,76,SMS,Contacto efectivo,,,OP14
1471,272,56,SMS,Contacto efectivo,,,OP09
1472,272,21,SMS,Promesa de pago,56228.0,2025-09-26,OP03
1473,272,50,Telefono,Promesa de pago,36567.0,2025-11-01,OP04
1474,272,35,WhatsApp,Contacto efectivo,,,OP02
1475,272,72,Email,Fuera de servicio,,,OP01
1476,272,43,WhatsApp,Contacto efectivo,,,OP06
1477,272,78,Email,No contesta,,,OP12
1478,273,66,SMS,No contesta,,,OP13
1479,273,81,WhatsApp,No contesta,,,OP12
1480,273,14,Telefono,Contacto efectivo,,,OP14
1481,273,70,WhatsApp,No contesta,,,OP11
1482,273,82,Email,Contacto efectivo,,,OP08
1483,273,34,SMS,Incobrable,,,OP11
1484,274,24,Email,Contacto efectivo,,,OP12
1485,274,57,Email,Incobrable,,,OP12
1486,274,71,WhatsApp,No contesta,,,OP11
1487,274,86,Email,No contesta,,,OP13
1488,274,42,WhatsApp,No contesta,,,OP14
1489,274,82,Email,Promesa de pago,49220.0,2025-12-03,OP10
1490,274,91,Telefono,Incobrable,,,OP01
1491,275,30,SMS,No contesta,,,OP15
1492,275,26,WhatsApp,Contacto efectivo,,,OP07
1493,275,40,WhatsApp,Contacto efectivo,,,OP07
1494,276,78,WhatsApp,Contacto efectivo,,,OP04
1495,276,82,Telefono,No contesta,,,OP07
1496,276,28,Email,Contacto efectivo,,,OP15
1497,276,20,Email,Contacto efectivo,,,OP11
1498,276,67,SMS,No contesta,,,OP13
1499,277,34,WhatsApp,No contesta,,,OP09
1500,277,48,Telefono,No contesta,,,OP13
1501,277,25,Email,Promesa de pago,61318.0,2025-10-04,OP09
1502,277,27,SMS,Contacto efectivo,,,OP04
1503,277,19,Telefono,Fuera de servicio,,,OP11
1504,277,78,WhatsApp,Contacto efectivo,,,OP03
1505,277,30,Telefono,No contesta,,,OP09
1506,277,82,WhatsApp,Promesa de pago,,,OP12
1507,278,40,SMS,Promesa de pago,54398.0,2025-10-12,OP14
1508,278,74,SMS,No contesta,,,OP08
1509,278,60,WhatsApp,Fuera de servicio,,,OP12
1510,278,19,Telefono,No contesta,,,OP11
1511,279,33,Email,No contesta,,,OP05
1512,279,17,Telefono,No contesta,,,OP10
1513,279,9,SMS,Contacto efectivo,,,OP02
1514,279,71,WhatsApp,Promesa de pago,17490.0,2025-11-21,OP04
1515,279,55,WhatsApp,Promesa de pago,69055.0,2025-11-07,OP14
1516,280,35,WhatsApp,Promesa de pago,11242.0,2025-10-06,OP08
1517,280,34,Email,No contesta,,,OP15
1518,280,17,WhatsApp,Promesa de pago,20972.0,2025-09-26,OP04
1519,280,60,Telefono,Contacto efectivo,,,OP05
1520,281,85,WhatsApp,Contacto efectivo,,,OP08
1521,281,13,Telefono,No contesta,,,OP15
1522,281,46,Telefono,No contesta,,,OP01
1523,282,67,WhatsApp,Fuera de servicio,,,OP09
1524,282,49,SMS,Contacto efectivo,,,OP14
1525,283,36,WhatsApp,No contesta,,,OP14
1526,283,56,Email,Contacto efectivo,,,OP06
1527,283,4,Email,Incobrable,,,OP08
1528,283,35,SMS,Fuera de servicio,,,OP06
1529,283,87,Email,No contesta,,,OP07
1530,283,22,Email,No contesta,,,OP01
1531,283,58,SMS,Promesa de pago,41359.0,2025-11-02,OP07
1532,284,62,Email,Incobrable,,,OP09
1533,284,77,Email,Fuera de servicio,,,OP09
1534,284,24,WhatsApp,Incobrable,,,OP13
1535,284,31,Email,No contesta,,,OP12
1536,284,27,Email,Fuera de servicio,,,OP15
1537,284,33,Email,Promesa de pago,38615.0,2025-10-21,OP05
1538,284,14,Telefono,Contacto efectivo,,,OP07
1539,284,85,Telefono,No contesta,,,OP10
1540,285,54,Email,Fuera de servicio,,,OP11
1541,285,89,SMS,Fuera de servicio,,,OP07
1542,285,71,SMS,Fuera de servicio,,,OP14
1543,285,39,WhatsApp,No contesta,,,OP06
1544,286,8,SMS,No contesta,,,OP01
1545,286,81,Email,Incobrable,,,OP14
1546,286,27,SMS,No contesta,,,OP12
1547,286,64,Telefono,Promesa de pago,48032.0,2025-11-23,OP02
1548,286,8,Telefono,No contesta,,,OP13
1549,286,90,Email,Contacto efectivo,,,OP12
1550,286,17,SMS,Contacto efectivo,,,OP10
1551,287,12,SMS,Promesa de pago,47381.0,2025-10-11,OP02
1552,287,43,WhatsApp,Contacto efectivo,,,OP06
1553,287,54,Telefono,Contacto efectivo,,,OP02
1554,287,16,Email,Promesa de pago,68453.0,2025-10-08,OP14
1555,287,10,Email,Promesa de pago,57098.0,2025-09-30,OP05
1556,287,23,SMS,Contacto efectivo,,,OP13
1557,287,80,WhatsApp,Promesa de pago,12738.0,2025-11-25,OP08
1558,287,37,SMS,No contesta,,,OP06
1559,287,33,WhatsApp,Contacto efectivo,,,OP12
1560,288,71,WhatsApp,Contacto efectivo,,,OP14
1561,288,23,SMS,Incobrable,,,OP06
1562,288,89,SMS,Promesa de pago,50048.0,2025-12-06,OP06
1563,289,30,WhatsApp,Incobrable,,,OP03
1564,289,84,Telefono,Promesa de pago,61514.0,2025-12-21,OP12
1565,289,63,WhatsApp,Fuera de servicio,,,OP11
1566,289,70,WhatsApp,Incobrable,,,OP15
1567,289,34,Telefono,Promesa de pago,57307.0,2025-10-08,OP08
1568,290,67,SMS,No contesta,,,OP03
1569,290,47,Email,Contacto efectivo,,,OP02
1570,290,52,SMS,No contesta,,,OP01
1571,290,12,SMS,Contacto efectivo,,,OP14
1572,291,1,Telefono,No contesta,,,OP05
1573,291,24,SMS,No contesta,,,OP15
1574,291,81,SMS,Incobrable,,,OP01
1575,291,71,SMS,No contesta,,,OP09
1576,291,12,Email,Fuera de servicio,,,OP04
1577,291,57,SMS,No contesta,,,OP10
1578,291,39,Telefono,Contacto efectivo,,,OP12
1579,291,34,SMS,Promesa de pago,45724.0,2025-10-26,OP13
1580,292,15,WhatsApp,No contesta,,,OP07
1581,292,68,WhatsApp,Contacto efectivo,,,OP13
1582,292,16,Telefono,Fuera de servicio,,,OP01
1583,292,21,SMS,Contacto efectivo,,,OP07
1584,292,8,WhatsApp,Promesa de pago,,,OP09
1585,292,88,WhatsApp,No contesta,,,OP07
1586,292,83,Telefono,Fuera de servicio,,,OP11
1587,292,66,WhatsApp,Fuera de servicio,,,OP06
1588,293,57,Email,Incobrable,,,OP14
1589,293,71,Telefono,Incobrable,,,OP15
1590,294,6,Email,Contacto efectivo,,,OP11
1591,294,65,Email,No contesta,,,OP01
1592,295,67,WhatsApp,Promesa de pago,23750.0,2025-11-07,OP15
1593,295,36,Telefono,Incobrable,,,OP01
1594,295,86,WhatsApp,Fuera de servicio,,,OP07
1595,295,86,Email,Contacto efectivo,,,OP06
1596,295,21,Telefono,No contesta,,,OP07
1597,296,26,Email,No contesta,,,OP01
1598,296,14,Telefono,Contacto efectivo,,,OP05
1599,297,16,Email,Promesa de pago,10519.0,2025-10-03,OP04
1600,297,89,WhatsApp,Fuera de servicio,,,OP15
1601,297,86,WhatsApp,Contacto efectivo,,,OP06
1602,297,46,Telefono,No contesta,,,OP01
1603,297,5,SMS,Contacto efectivo,,,OP09
1604,297,78,SMS,No contesta,,,OP03
1605,297,63,SMS,No contesta,,,OP15
1606,298,12,Telefono,No contesta,,,OP11
1607,298,17,Telefono,No contesta,,,OP09
1608,298,87,SMS,No contesta,,,OP09
1609,298,74,Email,No contesta,,,OP06
1610,298,88,SMS,Promesa de pago,36872.0,2025-12-05,OP07
1611,298,6,WhatsApp,Fuera de servicio,,,OP06
1612,298,88,SMS,No contesta,,,OP10
1613,299,51,WhatsApp,No contesta,,,OP13
1614,299,70,WhatsApp,No contesta,,,OP01
1615,299,60,WhatsApp,Incobrable,,,OP12
1616,299,38,WhatsApp,Fuera de servicio,,,OP02
1617,299,39,Email,No contesta,,,OP04
1618,299,31,WhatsApp,Fuera de servicio,,,OP09
1619,299,58,Telefono,Contacto efectivo,,,OP15
1620,299,55,WhatsApp,No contesta,,,OP12
1621,299,2,SMS,Promesa de pago,21586.0,2025-09-05,OP11
1622,300,15,Email,No contesta,,,OP10
1623,300,38,WhatsApp,Fuera de servicio,,,OP02
1624,300,71,WhatsApp,Contacto efectivo,,,OP04
1625,300,88,Email,No contesta,,,OP02
